"","x"
"1","yaLL you cant screen record on apple music or the app in general, the screen goes black so !"
"2","@TheRickWilson Does he have a “black friend” too?"
"3","Chessbot  Results: Black to Check in 10 turns
<U+2B1B><U+2B1C> <U+2654> <U+2B1C><U+2B1B> <U+2656> <U+2B1B> <U+2656> 
<U+2B1C><U+2B1B><U+2B1C><U+2B1B><U+2B1C><U+2B1B><U+2B1C><U+2B1B>
 <U+265F>  <U+2658>  <U+265B> <U+2B1C><U+2B1B><U+2B1C><U+2B1B> <U+2655> 
<U+2B1C> <U+265C> <U+2B1C> <U+265C> <U+2B1C><U+2B1B><U+2B1C> <U+265D> 
 <U+265C> <U+2B1C><U+2B1B> <U+2656> <U+2B1B><U+2B1C><U+2B1B><U+2B1C>
<U+2B1C><U+2B1B> <U+2658> <U+2B1B><U+2B1C><U+2B1B> <U+2656> <U+2B1B>
<U+2B1B> <U+2657>  <U+265E> <U+2B1C> <U+265C>  <U+2657> <U+2B1B><U+2B1C>
<U+2B1C><U+2B1B><U+2B1C><U+2B1B> <U+265A> <U+2B1B> <U+2657> <U+2B1B>
Did a bot just predict this #Chess battle?"
"4","@IngrahamAngle What about when Lovie Smith was fired?? Or all other black coaches who’ve been fired, far before the tyrannous all powerful President Trump became accountable...FOR EVERYTHING! NFL has nothing to do with politics. They’re thick headed morons in tights with a football!"
"5","Check out what I just added to my closet on Poshmark: Black Choker Set. https://t.co/ElrayQabRo via @poshmarkapp #shopmycloset"
"6","@LifeOfCherelle @kzshabazz @klford7602 I'm in a war for my life like the rest of the Black World  and I'm not concerned about niceties at this point in the game.  That's the problem with us as a people, always wanting to play footsie with white supremacy while it kills us en masse daily, including using proxies."
"7","In the past, I've constantly stated where I was born and raised to emphasize that, after a certain age, being raised in a sick environment is no excuse for the ridiculous buffoonery that is exhibited by so called black adults."
"8","Black ‘Neo-Nazi’ Arrested for Antisemitic Graffiti at Brooklyn Union Temple Synagogue https://t.co/C1CReuDnCJ"
"9","@McCrayNick There r more white drug users &amp;  dealers in US. The majority of the prison population for drug crime is Black &amp; Brown."
"10","I liked a @YouTube video https://t.co/VxcrCrCt70 DANE/NATURE BOY/POLIGHT THE AFTER EFFECT: WHITE SUPREMACISTS STILL #1 THREAT TO BLACK"
"11","Most compelling reason to regulate AI in medicine ‘to reduce algorithm biases again minorities (blacks , hispanics etc)’ that may negatively impact those populations. Dr Leo Anthony Celi #riskybiz2018 #AI #artificialintelligence"
"12","@mikewills1962 @mschlapp Who told you abolitionist wanted blacks to vote or to have ""social equality""     - it was not the abolitionist.    A common bit of stupid is that we think abolitionist were for social equality. Oh hell no.

In fact, abolitionist hated the union more than Southern leaders"
"13","@tylerperry  Can you please speak on blacks growing small gardens inside and out. We need to GARDEN FOR OUR LIVES. And some juice recipes like apple, carrot, lemon, ginger, beet, cucumber, celery, and tomatoes."
"14","@MichelleHughes_ There’s a lot of ppl who march with guns I seen a republican women with a gun at a college with no type of empathy for school mass shootings. Long as they are not pointing to anyone, if others can do it y not blacks?!"
"15","@angeIbaaby i used to smoke carnival menthols and then marlboro blacks, but i feel like golds have a much better taste idk"
"16","@VibeHi Abrams is not an organic Black leader. Hell she ain’t even from Ga. She’s just another Manchurian style candidate created by the White Liberal establishment to trick Blacks and women into voting for the leftist agenda."
"17","@pfabiani @ava @rihanna The systematic oppression of black people in America since the end of slavery by is what has kept blacks down &amp; out &amp; reliant on the government. America was/is set up to keeps blacks down &amp; out , there has just been parties that have grown to try and fix that."
"18","Say this all the time NO blacks can not be racists we don’t have the power https://t.co/duI54AbSdU"
"19","@marindmode @VictorZapat1 @socialistphilly @FoxNews I am sorry you are scared. I don’t fear Mexicans, Chinese, Japanese, Muslims, Blacks or Native Americans. America is meant to be a melting pot of ideas and people."
"20","Democrat voters should realize that as their party leaders allow more illegals to come to the USA, their leaders will bc more powerful n richer. The regular folk will not. They will pay more n more taxes to take care of all these people who r not able to pay taxes. https://t.co/n2Z3HzKOwr"
"21","@WhstleBritches Texas has a special problem...crazies from California moving there, illegals living there. They all contribute to the change that is happening to your state. You may need to form citizen hit groups and fix the problem yourselves."
"22","@SWAguilarNelson @kevinisbatman1 @mwilnau @oxminaox they are only saying they don't want ILLEGALs."
"23","@CBSThisMorning as a registered Independent,my main concern  is  the caravan and illegals...unemployment is low...housing is still affordable...Voting Red..."
"24","@WmWatts61 In Europe, the millions of refugees have brought in crime waves &amp; overtaken many cities. These illegals will build ghettos where no American will be able to go, like in Chicago, Compton &amp; Detroit. How much more scumbags &amp; ghettos should we import from the murder capital Honduras?"
"25","I just want to remind everyone that Prisons SHOULD be just that Don't like it ? Dont be criminals, obey the LAW!! Don't remember Jews trying to enter concentration camps to better their lives like these illegals? Jews were FORCED and KILLED not given food and mattresses#STOPLYING https://t.co/lMooM2ziWV"
"26","@anandcp @FAIRImmigration @dcexaminer @Anna_Giaritelli This is the man responsible. I guess you like socialism and working only to support illegals. Sorry, but your stupidity is showing. Better hide that. https://t.co/yCJhd5oqYv"
"27","@StormwaterLA Quit spending money on illegals and you would have the money! Make California Red!"
"28","@TomFitton Let’s change that!  There are plenty of illegals that will vote. SAY NO  to illegals voting. Vote Republicans for governor."
"29","INDIANA PORK GUACAMOLE. THIS IS NOT A DRILL. https://t.co/vdIGVOCQeE"
"30","@ercthms Lol I walked past mine last year while getting Mexican food and had no idea til ppl started calling my name in the parking lot <U+0001F699><U+0001F4A8><U+0001F4A8><U+0001F4A8>"
"31","@SashaBanksWWE There is a Mexican restaurant here in Tampa Florida where I live called Besitos and I would love to take you there for dinner with you wearing that black dress. You look Amazing Gorgeous Damn <U+0001F4A5><U+0001F4A5><U+0001F4A5><U+0001F600>"
"32","@JunkScience @Try_Facts_Libs If my plan went to $2900+ per month I’d become a Mexican and get my health care for free."
"33","@ZayIntheLife Seal the border and the drugs will still get in. Especially since the US has a vested interest in whinch cartel controls the Mexican streets <U+0001F937><U+0001F3FE><U+200D><U+2642><U+FE0F>"
"34","@krassenstein I don’t believe people in golden sleepers do shake.  I hope they take responsibility for deficit spending a trillion dollars to give billionaires and corporations tax cuts—because they ARE corporations, and for selling you fear of harmless Mexican babies, instead of Healthcare."
"35","In &amp; Out trash onna slick. Only place I’m lookin forward to eatin in LA is Roscoes &amp; some real Mexican food"
"36","@latimes I always wondered why Ted Cruz does not supported the Mexican community in Texas he is not from Mexico that’s the reason he doesn’t see himself as one of them he has no alliances to Mexico or Mexicans Wow that’s deep i’ll prayed the Mexican in Texas do you support to Beto instead"
"37","Was doing a feature on Estadio Azteca and this gentleman happen to talk to me briefly telling me what the place meant to him and to Mexican football.  One of a kind. https://t.co/4Zs24O4xzs"
"38","Day after the day of the dead...
•
•
•
#delasmuertas #fruitvale #bart #fruitvalebart #oakland #myhood #home #brightcolors #blueskys #california #mexican #mexicanculture #support… https://t.co/ycg84pvp4o"
"39","@CurtMWeiler Won 37-0 in the all whites last time they visited South Bend. Craphonso Thorpe went off that day."
"40","@tRickSalsman Still not sure how swing state whites thought it was a good idea to vote for someone who doesn’t understand basic economic principles. I’ll never comprehend it."
"41","Coffee, tea, colas, smoke, acidic juices, certain medications, and highly pigmented foods can take a toll on pearly whites! https://t.co/7YfdEWPuNg https://t.co/7YfdEWPuNg"
"42","@meijer I just need to know why you stopped selling black and whites. My life has gone significantly downhill since you stopped. I have to bring a dessert for a potluck and I need some black and whites!!"
"43","One Christian American Association official declared that after the ""Talmudist's"" success in USSR that they were now trying to conquer USA by getting African Americans to rebel and kill whites. Nation 7/31/43 p. 143"
"44","""Originalism"" was always a dog whistle with more political than academic meaning. It is pro-oligarchy and aims to keep oligarchic control in the hands of wealthy whites by the deepest entrenchment of status quo possible — embedding it into the Constitution. https://t.co/sjd9k33QhN"
"45","Upshot polls show Democratic gains among whites since 2016, with shifts either concentrated among the working class (if you believe 2016 demographics from Pew, NES, or exit polls) or uniform across white groups (if you believe Catalist or CCES 2016 estimates) https://t.co/VrmZMkG17k"
"46","Goldwater also introduces the “law and order” theme. It was a coded attack on civil rights. It played to white fears, and promised strong retaliatory measures against anybody who threatened whites, especially females."
"47","Dentist appointment is over. Live, showing off the clean pearly whites.

Drop by and smile with me <U+0001F600>

https://t.co/1XlYlQK54w https://t.co/QY96dm9ZDp"
"48","Best Ways To Keep Your Pearly Whites Healthy https://t.co/lLDLpDA31G"
"49","WHITE WALKER @ The Bear BatiCave https://t.co/vvCCAqlfjy"
"50","Democrats do not fear President Trump...  They fear truth justice and God https://t.co/Ge70y3P4VG"
"51","@beachcrazy70 @Sheugs @SamHeughan @caitrionambalfe @RikRankin @TheMattBRoberts @Writer_DG @jongarysteele @BarryWaldo @ladybay8 @ClanHeughan @purpleiris13 @SummerPic @Emmalines_Mom @barbaramills1 @sarahjaswim @LaurelSchuett @pjl24 @misty_maggie @mary_markssngr @whitesow1 Lol!! Giving my all to protect the goodies to ensure a Party <U+0001F389><U+0001F389> for all...except the White Sow it would seem!<U+0001F602><U+0001F923>"
"52","Ah, this is the wrong link, it doesn't take us to a story about the Willie Horton ad in 1988 and then the ""white hands"" ad from 1990. https://t.co/TedwSqkbyt"
"53","@LifeOfCherelle @kzshabazz @klford7602 I'm in a war for my life like the rest of the Black World  and I'm not concerned about niceties at this point in the game.  That's the problem with us as a people, always wanting to play footsie with white supremacy while it kills us en masse daily, including using proxies."
"54","@EricKlemstein @pedjazoo @KamalaHarris Racism isn't name-calling, imbecile.  

It is the shit white people have been doing in America since it was born."
"55","@McCrayNick There r more white drug users &amp;  dealers in US. The majority of the prison population for drug crime is Black &amp; Brown."
"56","Saturday, I was called an old white, bitch c***, by a teenage boy, just for getting out of the car.
Sunday, I had a little girl at the art museum following me around the museum, copying my gestures and looking at the art like I did.
I think I’ll chose to remember Sunday."
"57","i know i'm white, but im making like 4 lb of pzole, if anyone wants some hmu i'll deliver it to you. i just don't have cabbage, radish or lime, i was running and will get those when my love gets home."
"58","I liked a @YouTube video https://t.co/VxcrCrCt70 DANE/NATURE BOY/POLIGHT THE AFTER EFFECT: WHITE SUPREMACISTS STILL #1 THREAT TO BLACK"
"59","@AndrewGillum @AndrewGillum 1st African-American Governor of the Sunshine state &amp; the 2nd African-American President of the United Stated of America. #BringitHome https://t.co/TslSToBP5F"
"60","Students in #NovaScotia can now vie for $3,000 in bursaries and gifts, and learn more about African Nova Scotian history along the way.  https://t.co/lnoOu9uM4S"
"61","The NYPD hasn't caught the culprit behind the hateful graffiti. https://t.co/t8AuMvSxmW via @HuffPost"
"62","@ngendapatrick @NEPAD_Agency It's the brainchild of Thabo Mbeki, and his dreamy African Renaissance. you know how umalume wami Umsholozi brought him down <U+0001F602><U+0001F602><U+0001F602><U+0001F602><U+0001F602><U+0001F602>"
"63","Join us at #ICFP2018 where we will proudly introduce @APHRC's 2018 African Doctoral Dissertation Research Fellows - the rising stars of #abortion research in sub-Saharan Africa. @Guttmacher @Gynuity @IpasOrg &amp; @IbisRH. Wed Nov 14 at 7am. RSVP https://t.co/83gC68yrAV"
"64","@realDonaldTrump tweeted – “40% Approval Rating by African Americans for President Trump, a record for Republicans.” Thank you, a great honor! and Much more! https://t.co/YdtLh8YCkw https://t.co/JCGmG1L1My"
"65","Souls the Polls with Reverend L Sharpton... #Vote4FreedomFL #bringithome @ African Heritage Cultural Arts Center https://t.co/GilLtlWnCq"
"66","Advocates address deep distrust of mental health care among African-Americans - MinnPost (blog) https://t.co/ySf6vKoK55"
"67","@realDonaldTrump AAahahahahahahahahahahahahahahahahahahahahahahah

It's like you're not even trying any more!  Fox News is representing African American's?  Who did they ask - Ben Carson?"
"68","African architectural design made by a Black owned architect company .... https://t.co/uHGxWHZgge"
"69","@BashCash787 @k_kelvine @RMadridBabe But hey, you're an Americunt, so uneducated Americunt. Its not an insult to call you such, its my privilege <U+0001F602>"
"70","@BashCash787 @k_kelvine @RMadridBabe WTF do you know about football? You're an Americunt <U+0001F602>"
"71","if these asian gurls start tht bullshit u amerikkkan gurls be doing w these white boys illl stop fuckin w them too lmao.. <U+0001F923><U+0001F923><U+0001F923><U+0001F634><U+0001F970><U+0001F970>"
"72","Poster design for an exhibition called, “Internal Baggage” debuted in 2006. Titled, Amerikkkan Indignation
.
.
.
.
.
.
#art<U+0001F3A8>#art #patterns #paintings #artist #africanamericanart… https://t.co/eaEJReuCGL"
"73","all amerikkkan bada$$ still slaps"
"74","@coleyworld @krassenstein They're modern day AmeriKKKan Republicans.

That's what."
"75","@rihanna Queen of selling their AmeriKKKan properties and moving to London as soon as Trump got elected"
"76","On this Nov 6
I want U 2remember how many Black ppl were murdered, slaughtered &amp; terrorized 4 our right 2vote. We're Amerikkkan as anyone <U+0001F468><U+0001F3FE> https://t.co/ahDNi5kCNt"
"77","<U+0001F3A9> #VoteOrDie , am I right? Or are we already dead or dying? <U+0001F914>                       I am not attempting to discourage your Amerikkkan right to do so. I just want you all to recognize that… https://t.co/7fRiwUHNUk"
"78","@ZOMBIEJuicee Amerikkkan Korruption"
"79","How can you say you're an African Amerikkkan?? @minishmael #Farrakhan #NOISundays"
"80","HORRIBLE<U+2753>
HORRIBLE U SAY<U+2753><U+2753>
ITS WORSE THAN HORRIBLE<U+203C><U+FE0F>
ITS DEPLORABLE <U+203C><U+FE0F><U+203C><U+FE0F>
ITS ANTI-ameriKKKan<U+203C><U+FE0F><U+203C><U+FE0F><U+203C><U+FE0F>
RESIST<U+0001F4AA><U+270A><U+0001F1FA><U+0001F1F8><U+270C><U+FE0F>
VOTE DEMOCRAT<U+0001F1FA><U+0001F1F8>11/6/18 = MAGA https://t.co/iBb5uBcvfm"
"81","@Docochoa

Hi Dr. Beaner
Thank YOU so much!!!!
Please follow us for updates...."
"82","Dice el pseudo periodista @franciscozea “gringillos” pero luego se rasgan las vestiduras si alguien llama “ beaner” a un ilegal"
"83","Feliz cumpleaños Zach thanks for always being there for me and having my back @Zach27McDaniel,  beaner productions is still on (: https://t.co/B7NztZ3jZs"
"84","Digging beneath the surface of your own feelings or someone el... More for Libra https://t.co/dshszErKJg"
"85","Comeeeeee watch my people fight!!!! https://t.co/jk2rsB4vuY"
"86","The guys who hacked me were just sad racist pedophiles talking about how they need to hack “beaner” girls to drain money from minorities and how they wanna fuck kids? I’m so sorry anyone got any messages. I’ve secured twitter, NOT IG."
"87","@adrianrebollar_ go to bed beaner."
"88","Can non-Mexican Latinos say “beaner”?"
"89","Lmao the beaner population of DHS would be making me rich https://t.co/DP9HN9H7DS"
"90","@Ol_Dirty_Ricky like whaat - problem especially when he says mike Vick when this shit I don’t need to pass beaner"
"91","Thanks @MichaelRingFG &amp; Cathaoirleach of @MayoCoCo Cllr. Blackie Gavin for opening #Belmullet WwTP. EPS &amp; @Roadbridge Ltd delivered the €9m project, which will benefit over 1,000 local people &amp; visitors &amp; provide the capacity for a population of up to 2,500.  #RethinkingWater https://t.co/p8DehT6VI5"
"92","Who is trying to get through Monday like Blackie from extremeatvoffroad gets through skeg? #AssassinatorTires <U+0001F918><U+0001F60E> https://t.co/IB7dEpP02i"
"93","@THESUGARDAD1 Should we post the screenshot for a chance to win or only if we’ve won?"
"94","@ghoulrunnings @YubariRaticate"
"95","#NowPlaying Boston Blackie - Bombing Joe Ingalls :: Tune In: https://t.co/lWTblcHSnK"
"96","the scene in true grit when Little Blackie died https://t.co/hGGqv5St1C"
"97","@DR__Daviid It happens"
"98","Een vers artikel omtrent STOUTEN BLACKIE van #HopSaSam <U+0001F60E> Dit keer in maandblad #Randeevoe, lees het hier https://t.co/1IYMbqWxl1 <U+0001F917> @randeevoe #biermetnenhoekaf #HopSaSam #Oudenaarde #Belgisch #bier #Belgischbier #lekkies #JanVanGent #Kerzelare #nieuwproject #fieroponsbier #… https://t.co/p3Es1x01LY"
"99","My blackie called me <U+263A><U+FE0F>"
"100","Bless Blackie’s rescuer! May he live happily ever after safe and loved. https://t.co/yZEUUnWkLL"
"101","(Invasive Advertising!) has just been published on Blacky's Burrow - https://t.co/fgo8vChjKW"
"102","(Endless Horse) has just been published on Blacky's Burrow - https://t.co/IyPp3gCF1R https://t.co/VmCzg5raqk"
"103","(I <U+2665> Black Cats!) has just been published on Blacky's Burrow - https://t.co/iS48PFmaoi https://t.co/1IyIjw4Ue2"
"104","(Some Cool Facebook Cats) has just been published on Blacky's Burrow - https://t.co/h3QeWv45J4"
"105","(https://t.co/jlpfybRt51) has just been published on Blacky's Burrow - https://t.co/agpzPD9U8n https://t.co/CzwW4rZVIa"
"106","(12 Things That Look Like Darth Vader) has just been published on Blacky's Burrow - https://t.co/bNBYasxBFe https://t.co/UBlR2rVD5E"
"107","@blacky_alfatih @OfficialFPL Dream team is just the best team each week.. not an actual team"
"108","@The_real_Blacky Sorry my friend. True even when the ghosts are still alive."
"109","Blacky Black  Bear he stands 15"" High Great first Bear https://t.co/3vBYoOcRTv"
"110","@blacky_iria <U+30D0><U+30FC><U+30B5><U+30FC><U+30AF>(<U+7269><U+7406><U+7684>)<U+3084><U+3081><U+3044>ww
<U+30D5><U+30ED><U+30FC><U+623B><U+3063><U+3066><U+304F><U+308B><U+5C11><U+3057><U+524D><U+306B><U+6B7B><U+3093><U+3060><U+6642><U+306F><U+307E><U+3060><U+7ACB><U+3066><U+76F4><U+305B><U+308B><U+304B><U+3089><U+3059><U+304D><U+2661><U+2661>
<U+3046><U+3061><U+3082><U+30B3><U+30DF><U+30E5><U+969C>…_(:3<U+FF63> <U+2220> )_
<U+3042><U+3068><U+3042><U+308C><U+306A>
<U+30A8><U+30AA><U+30AB><U+30D5><U+30A7><U+3082><U+30D5><U+30A1><U+30F3><U+30D5><U+30A7><U+30B9><U+7D44><U+3067><U+57CB><U+307E><U+308A><U+305D><U+3046>…"
"111","Hey Camel Jockey, STICK IT!!! https://t.co/dLqOh6Wyni"
"112","lil camel jockey https://t.co/mAWavPGATC"
"113","@TheNewFauxTimes @DRUDGE_REPORT No, he's a left-wing liberal idiot, also known as a sand ni**er or camel jockey. @POTUS trying to keep them out of country!"
"114","Camel Jockey Slave Kids https://t.co/xy5ac7ezGG #camel #Jockey #kids #categories#"
"115","@CharlyISaLION @JSmithpolitics1 @mitchellvii I’ve been fired up since Trump won. I have been fired up when people call me a camel jockey for supporting Trump. 

Or I should be ashamed to be immigrant child of two parents that came here from Iraq.

I’ve been fired up b/c the more I get attacked, I will use my voice to vote."
"116","@raptorslc @RKJ65 @KellyannePolls @realDonaldTrump A few? Okay. Sure 

And I’ve had more liberals call me racist names because I don’t agree with their view points. 

I’ve been called a camel jockey, Sand N****r by liberals more than my entire life even more than 9/11. But okay keep living in your fantasy liberal land."
"117","Kick out the kite and camel jockey...the US doesnt need ANY of them...#youallmustgoback"
"118","Just A NOTE:
I have been called many names Like, Sand N***r, Towel Head, Camel Jockey, My Wife has been called a N Loving ""B"" I have been asked why did I come here. Well I am a Arranger, Producer, Musician,... https://t.co/qfjDJWACLy"
"119","@FarmerPerky @KristyLasha @galalijan @Victhebrick64 @Friendsthatihav @robbystarbuck @NathanLerner It's a nationality, but you know that, right?
You know, Google is free. You can do this solo. Take the time to delve into why ""camel jockey"" is in the Racial Slur Database. And then some good ol' introspection to determine why you chose that term over any other word."
"120","@sharafaalsana stupid camel jockey"
"121","@BusterUSMC If the blacks did not have Republican &amp; volunteer carpetbagger aid in the South, these blacks would have never been elected in the South.
I drove cab in Richmond in the 1960s, 100 years after CW and their was still prejudice. Yellow cab did not have black drivers or take blacks"
"122","@Peoples_Pundit Too bad we’re going to lose AZ02 R-D. But at least that evens it out. It’s ridiculous GOP didn’t try harder to keep McSally seat red. Dems put their only sane candidate in that district even if she is a carpetbagger."
"123","@RadioFreeTom Doesn't this kind of punish evolution... my incumbent republican congressman is among the most bipartisan in the country while the democrat is literally a carpetbagger brought in by the progressive wing of the democratic party"
"124","@MariaBartiromo you might inform carpetbagger Maloney that McGrath is in Ky. Not Kansas!"
"125","@Nikita_KAG_TOO Look up the term ""CARPETBAGGER"" this is exactly what maxine is.
She comes in from another district to run this one into the ground and taking their money."
"126","She also pronounced “Albany” really weirdly when she says where she’s from... <U+0001F914> #carpetbagger https://t.co/FjANUWyf4t"
"127","There’s no mystery,
with Ellison
NOR other
interlocking
interlopers,
given MN DFL
carpetbagger crew,
foreign banker bucks
&amp; rank powerbrokers
choice of a fallen
slate of puppet
State &amp; Federal
MN DFL candidates. https://t.co/E3LFIAJ8vA"
"128","@1776Stonewall Carpetbagger."
"129","@RocketMendoza3 @JovankaBeckles Someone needs to get rid of the carpetbagger wicks"
"130","@realDonaldTrump Harley the carpetbagger is going down and it won't even be close."
"131","@binance @BinanceLabs @cz_binance @binanceinfo @BinanceAcademy @TrustWalletApp @Tronfoundation @BinanceBCF This week gonna be more fun <U+0001F525>"
"132","Speak less and gain power #ChinaMan"
"133","Rule #1 in #crypto expect the opposite. #ChinaMan"
"134","@Bitcoin_Gallery @MWealthMan @cvrbonbased @notsofast @BitcoinDood @marco_peereboom @ChinaMan_123 That's ok.  just blend with us cool cats.  We got your back.  LoL"
"135","https://t.co/8mdLYWxHzs LOL. Seeing a Chinaman and a Russian in Chinese movies is like watching an American and a Brit in American movies. It's fucking political propaganda."
"136","My son just walked into my home office, kissed me on the forehead, and went back to playing with his little sister. I'm the luckiest Chinaman on earth."
"137","@ChinaMan_123 or, earth is an organ in a larger living creature, and humans are the cancer killing it. Our diseases, are actually given to us, trying to kill us off to save the organ and the life. Like we fight off diseases to stay alive."
"138","@ChinaMan_123 always thought we we're just specimens put in a petri dish called earth. While other ""petri dishes"" scattered throughout the galaxies. Each dish gets different technologies/diseases... over time. Worm holes, traveling  warp speed, can makes years pass in dish, days pass 4 traveli"
"139","Ching Chong Major 2019, inspired by Kuku XD https://t.co/BfZ79ktxjZ"
"140","""Ching chong your religion is wrong""
-me at 0300 after 6 cups of coffee"
"141","@turajustin ching chong"
"142","ching chong major<U+0001F480><U+0001F602>"
"143","ching chong major XD https://t.co/GsQj7mszDT"
"144","@wykrhm Ching chong major"
"145","Ching chong Major https://t.co/PTNdIfz85V"
"146","@gabezimzim @__camburger__ Ching Chong bing bong go back to your country"
"147","@ching_chong_100 ALL YOU HAD TO SAY WAS NO ALL THAT EXTRA SHIT WASN'T NESSECARY! ALL YOU DO IS SIT IN THAT UGLY ASS HOUSE PLAYING CLARINET AND YOU STILL CAN'T PLAY FOR SHIT"
"148","@ching_chong_100 hey squidward wanna go jellyfishin?"
"149","Chink got the thotiannas"
"150","I want to know that it’s genuine—that your emotions are authentic"
"151","You have to be genuine"
"152","One small chink in the armor that is your home's roof can do a great deal of damage, both seen and unseen <U+0001F61F><U+0001F50D>. Protect your home by investing in the best roof. <U+200B><U+0001F3E0> Give us a call at 407-637-5339 to schedule your FREE consultation. #Sheegog #Roofing #Contractor #CentralFlorida https://t.co/9eiWgLiWVD"
"153","@chink_Key_face Lol yea I kno smh"
"154","@finebaum SEC is overall balanced within 13 teams with bama as long as Tua can stay healthy miles ahead. With that said they have 3 Dlines coming up that can hit a QB alot. The 1 chink is if he goes down. Oh 4 DL's if they play Clemson."
"155","Rise &amp; Grind <U+0001F495>."
"156","@N3llyyyy Thats how I be your body be used to getting up at that time <U+0001F602>"
"157","I need those blessings cus I know I’m a sinner ."
"158","Good morning <U+2600><U+FE0F> praying for a great week."
"159","@LLL_TMB I'm here to support your word but also give you an extra set of clapping for the use of chud?? It's been too long."
"160","Honestly, I can’t believe it’s been a year with my best friend. Thank you for showing me what it is really like to be loved, even with my many flaws. You’re patience and kind heart don’t… https://t.co/1E2R66l0Rl"
"161","https://t.co/Kpw7qDOt8L"
"162","https://t.co/Sp8flB9GMU"
"163","Freddie Mercury: All Hail the Queen 

Queen frontman Freddie Mercury grew up in a faraway land with no idea of what he was capable of and who he would become. This is his story. https://t.co/9kCpCxsF6B"
"164","@JenKirkman most dumb men are gross. I'm sorta CHUD."
"165","@GuillotinePod They’re worried about our range days where we eat donuts and shoot guns and BS. But gotta call it “drilling” because that makes it scary. You know like what the right wing chud militia movement is actually doing and has been for decades."
"166","@SuperSpacedad Oh man, you're reminding me of 2016, when I wore my ""I Voted"" sticker I got from early voting before Election Day and a MAGA chud absolutely lost his shit on me at the convenience store for ""voter fraud."""
"167","@living_marble i have a theory. you have only seen one movie, and it is CHUD."
"168","It’s cute when @ainsleyearhardt gets excited about #MidtermElections &amp; says “y’all”   Guess u can take the girl out of the country but u can’t take the country out of the girl - Mayb she’ll start talking like Elly May Clampett aka Donna Douglas soon #MondayMotivation #magaforall https://t.co/x67mE4ciDL"
"169","@powerJAMM @kirbyreanimated But I like it because it's so wild and fluid like those Bob Clampett Looney Tunes cartoons ! <U+0001F606>"
"170","@awfultruth01 @judylynn903 @realitytvwitht @savekaiser C'mon now. Granny Clampett kept a much cleaner house than Jenelle ever will."
"171","@DeathByDerek I love the obvious inspiration from guys like Bob Clampett, but it also added a surreal, gross style. Episodes like Space Madness and the nerve ending fairy arguably paved the way for shows like Aqua Teen, while the throwback style led the way for a decade of Nickeloden shows."
"172","#PorSiTeLoPerdiste Erika Eleniak fue la encargada de encarnar a la poco delicada hija de Jed Clampett en la cinta de 1993 https://t.co/c1M5VWQB4M"
"173","@carlreiner Buddy Ebsen - Scarecrow from Oz, Jed Clampett, and Barnaby Jones"
"174","@sapphocles @BillClinton @algore @TheDemocrats @GeorgeHWBush @CIA @POTUS ""Now dirty Bill Clinton fronted me some weight, told me keep two, bring him back eight. Now I only brought him 5 and held on to three... Do you think that Clampett will stick his goons on me?"" -Opening verses in Dirty South by Goodie Mobb <U+0001F440> https://t.co/lMORxEPbHq"
"175","@chipotlehombre Haha! Granny Clampett on steroids! <U+0001F60E>"
"176","@almighty_alvin @Strange8s Not Jed Clampett, hahahaha!"
"177","Ballad Of Jed Clampett | Lester Flatt and His Nashville Grass | 50 Years Of Bluegrass Hits 2"
"178","@_YoungCools You a coon lmao"
"179","Quality Inspector | Coon Rapids, Minnesota | Atlantis Technical Services https://t.co/TWkhJnIv8q"
"180","@Marcel703 @tariqnasheed LOL, Imma reach out to the Hodgetwins. They hit a coon goldmine... lmao"
"181","Georgia high school band spells out racist slur ‘coon’ during performance: https://t.co/X8e49GCSsW via @AOL"
"182","@strap_assassin1 @AlexaLiackoFOX5 @FOX5Atlanta Coon. Now what? I was called one in the 11th grade, and despite what you think, sir, it IS bad and it IS a big deal. It was one of the most devastating moments of my life."
"183","@DeerBarber @AlexaLiackoFOX5 @FOX5Atlanta As a black person I’ll tell you the one and only racial slur I’ve been called that starts with a C is coon. And this is disgusting."
"184","Coon lol https://t.co/g9hH2QoqBv"
"185","I saw this happening on here in real time and she pretty much fooled me too because I was deadass sitting on my couch like ""this lil coon is really in the sunken place.""

What a Queen.

She prolly gon' get sued, but give her her flowers anyway. https://t.co/b3lBF0crLY"
"186","This is Diesel ! He is a Maine Coon kitten! And hides and plays peek a boo ! So adorable https://t.co/Yv5K3PA65e"
"187","@bl0ndechild @HardCiderBlues @CBSNews So spelling the word “coon” was a mistake?"
"188","@Schuyler_Sites @balthazarsqueen I’m from the coonass part of Texas what do you mean I haven’t found one prepared properly"
"189","@Holy_Elle I bleed burnt orange <U+0001F918><U+0001F3FC>but I’m half coonass, sure hated to see LSU get done like that, they come out strong, I had high hopes! We’ll get’em next time!"
"190","@urvipatella ARM.  AND HE COONASS. https://t.co/EGMbMRFF7h"
"191","@Chessa222k @PaysTara @RogerGascoigne Tara, I believe the word you are looking for is Coonass."
"192","@KristinBoymom WTF is a coonass?"
"193","@ThoseEyesDoe - on. That’s when I heard a loud voice boom across the way. “VOO-DOOOOO!” My lips split into a grin, and I winked at Dre, then cupped my hands over my mouth and yelled back my coonass yeehaw of sorts, then turned and held my hand up, pushing -"
"194","I love you!! @AndreaaMeneses"
"195","<U+0001F4AF> thousand drunk coonass’s in Death Valley finally stopped Alabama on an opening drive"
"196","Coonasses gonna coonass https://t.co/uwBojlxwuJ"
"197","@BR_CFB @BamaCentral @garlandgillen Authentic Coonass Gibberish from Corndog Parrish. Sweet."
"198","After squeezing a lemon, use the rind to rub the darkie parts of the elbows. It removes brackishness and you will feel positive changes in your face.
#Fashionista #accessories #clothes #designer #fashionable #fashionaddict #fashionblog #fashionstyle https://t.co/P39EIOxCek"
"199","When niggas in Red Dead Redemptoon 2 call me a ""darkie lover"" not knowing I'm a ""darkie"" in real life https://t.co/zItP3halTq"
"200","@ampaveli @DevinDavinci oh yeah I remember them saying darkie"
"201","@wsupden @DevinDavinci The context of a black man breathing the same air as them. Like 5 minutes into the game they say darkie <U+0001F62D>"
"202","@GoyetteSpawn Maybe she just using reverse psychology so she don't get raped by a darkie."
"203","@RoseWoo15096108 @HackDz @teriross69 @TomGardIII @Op_cause @MollySam1986 @GOPe_hater @______DKING____ @___DQueen___ @kellyannegoebb @romey18fl @Red_r_us @Sarahsfan2 @wilvikin @BillWalker14 @tiredpatriot1 @Nvablejrg @Vickie627 @JustJane59 @QAnonAQ @Vncenza2 @luizlemuz @cbowling4512 @JeffHarperArt @NancyParks8 @ShootesStraight @ArmyVet2x @Jazmine376 @cthefdown @Sftbalplyr77 @IHaveDanglyBits @bushie200 @LarryHumphries1 @JacquiT33697851 @Bootz_Adams @carolyncowbofan @DeplorableJWS @RageMadMaz @Trumputinlies @LizzyHock1963 @BuddhaKatze @Heathamommy @TrumpTroll35 @PersevereEver @clintonhill889 @laurakayl @rwmercer @USA_USA_1_ @chibearfan74_jr @WealDonoodTwump They are afraid of their own shadow. They see it and think a darkie is following them."
"204","@MfunekoS Plan to..giving myself 6 months. Ndixolel ulamb ayikho le. Just trying to set up lento ndifun uyenza then im leaving. Kunzim ubayi darkie kle republic of ct"
"205","This tweet says it all: A “liberal” @SenWarren supporter 99.999% WHITE is calling me a “racist fraud,” &amp; can’t stand a “Darkie” invented email, https://t.co/CCKhZZWkSA. Had I been on the debate stage, the truth Innovation occurs anytime, anyplace by ANYBODY would have come out! https://t.co/esxfBKgM5X"
"206","I have seen GOOK kids slither right through this on guard duty.  Put CS gas traps in these.  I can assure yu it will work!"
"207","@GroyperPunished @EthnoSk8 Gook.JPEG"
"208","@Hotline_Ching <U+0001F92F><U+0001F92F><U+0001F92F>"
"209","BLOK BLOK GOOK
Created By David W. Tijerina Jr.
Episode “Last Years Memory” https://t.co/6OCWE59r7b"
"210","@SallyQYates @staceyabrams you are the only persons that are suverting the will of the people hacking the Secretary of states office of Georgia as a Clinton rule goes by gook or by crook we will win  I hope the vote is so one sided that all you leftist have no choice but to crawl back under a rock"
"211","Just saw #gook — didn’t know my boy #davidso was a dope actor too. First movie to make me cry in a while"
"212","@jakiepoo810 Mei ling: stop being mean to bug you guys are just mad he has a bigger ding dong. 
Snake: is that some kinda Chinese gook proverb"
"213","imma keep juggin till i hit the jackpot, gook ass niggas y’all makin the trap hot!"
"214","@kkkitsune announcement: i am giving a gook pass to anyone who reads this please call jillian a gook"
"215","This is the same gobbly gook that people fell for from the Trump campaign til now. He made promises that he never intended to keep. Y'all voted based on fucking promises and no detailed plan. We have dismissed pols for less than this in the past. #Shame https://t.co/8Iuusms99b"
"216","I will ape the goombah, if you tire"
"217","Like the cute drunk guy to my right was just singing along to Walking on Sunshine, and the goombah to my left was berating the bartender. Here I am just a simple girl in a high tech digital world."
"218","Yooooooo https://t.co/6gHpswSFJY"
"219","Hell yea mf putting his foot in that chicken literally https://t.co/G1Kx8MiE62"
"220","@sungloku I watch that shit faithfully funniest shit ever"
"221","@sungloku You watch they show? that shit really funny af"
"222","EAT Z PASS <U+0001F62D><U+0001F62D><U+0001F62D><U+0001F62D><U+0001F62D> https://t.co/rk3oAveyk4"
"223","Finesse https://t.co/VAk6lLgLp4"
"224","Plus j'avance dans MHGU et MHW, plus j'ai envie de faire une série de vidéos sur les monstres et leurs origines, à la manière de Gaijin Goombah. À chaque fois que je découvre un nouveau monstre, je me dis ""Oh tiens lui il a telle caractéristique c cool! """
"225","@LonelyGoomba oh boobs you say... NO THANK YOU. lol but seriously I'll check out his video. I've watched Gaijin Goombah before. I like his channel as well as yours."
"226","@JTAnews Goy"
"227","zoljargal gej ymar goy huuhen be, durlaad uhchiltein blee"
"228","@Communism_Kills @SpasticusA @WillGalladryn Oy,this goy is okay with being called goy."
"229","@new_engine “Get behind the mind of a mass murderer and step into his shoes to figure out the meaning of world peace through the tinted vision of an extraordinary goy”"
"230","Yoga shooting blamed on YouTuber misogynistic views +The ""goy"" in the window

Read the decode on this shooting here:
https://t.co/VdM1fS1kgX

Read the work decoding the victims here:
https://t.co/rnVDcdJPWd https://t.co/UH7iOMeFhN"
"231","@HappyManor @Decentguyusedto I prefer ""Goy'."
"232","@DulMephistroth @TheBrannon1776 &gt;Jewish friend
Good goy."
"233","It's funny how prior to slew of antisemitic attacks I was relatively content with being a goy who practices Jewish rituals. Now I'm back to seriously considering converting."
"234","@goyim_know @W_McPrivilege Kanglish"
"235","@NBCNews A shanda for the goyim if that’s a real story"
"236","@ElleLatham @wikileaks Oy Vey. Don't be anti-semetic. The goyim can't know.

Surprised wikileaks doesnt include the key player in the 9/11 operation."
"237","Oh gawd goyim we thought you were going to let us have the Monopoly on controlling and interpreting your history to subvert your consciousness in peace! https://t.co/1AMJ1Jbqwy"
"238","@RoddTraft @SleepScarecrow wow you didnt say ""goyim"" that mustve taken some restraint"
"239","@nypost They made the goyim know just a little bit more..."
"240","@SecretsOfPapacy @AmericanJewry @Ian56789 @VictoriaInCO @TorahJews Every jew In the world support policies against #Iran, #Syria and the gentile world. The Jew World practice these policies

Also check the Kol Nidre pray

Also they dont reject rabbinical teachings In the Talmud, very antigoyim teachings, so, please, another goyim yo that"
"241","And you should especially STFU about this if you’re goyim. I really don’t care what you have to say about whether me, Bernie Sanders or anyone else is a Jew, because I’m pretty sure the facists won’t be as exacting in their definitions as you are."
"242","@CasimiroRC @DanielD24963063 @NoticiasCaracol @JuanDiegoAlvira @integracionbta Toma ejemplo de Daniel que montó un refugio humanitario en su casa por amor a los hermanos venezolanos que padecen la crisis por bloqueo gringo y sabotaje de gremios y la derecha venezolana. Bien Daniel, gracias!<U+0001F44F><U+0001F44F><U+0001F44F>"
"243","@DSAEastBay @OurRevolution @Wimeraner took some"
"244","Support #UWGCM by eating at Gringo’s Texas City!! Tomorrow only, dine-in or take-out and Gringo’s will donate 20% of your final bill to UWGCM! #EatForACause #LiveUnited https://t.co/IyJwxgq1SE"
"245","@B9nu_3rabi1n @The_Most_Syrian @Samantha______L @GacMars @MaevaOsseiran (1) Il m'a fallut 30s de recherche pour comprendre que l'haplogroupe J est apparu il y'a entre 10000 et 20000 dans le Moyen-Orient, c'est à dire à la période néolitique. Remontes plus loin encore, tu découvriras que la vie est apparu en Afrique."
"246","o gringo só foi um toque pra ficar mais inesquecível"
"247","@_VicenteSerrano Me encanta la imbecilidad del gringo que insiste en creer que el sombrero ese de borlitas rojas, que es de tableaor flamenco, es de alguna etnia mexicana. Pobres idiotitas da lástima su ignorancia. @jrsestaca"
"248","@RubenBarraza11 Tráeme unos Cheetos mejor, amigo gringo"
"249","“A Gringo Guide to the Mexican Revolution” – A 56 page, coffee table style book with the complete, bloody history of the Mexican Revolution 1910-1921, with lots of great historic pictures.... https://t.co/w8OrOjcmXj"
"250","A Gringo Guide to the Mexican Revolution https://t.co/w8OrOjcmXj via @williamjconaway"
"251","Hoy es el juicio del Chapo, qué nervios. Ahora con qué historias saldrá el sistema judicial gringo que siempre se avienta unas hollywoodenses que ni mandadas a hacer!

<U+0001F436><U+0001F436><U+0001F436> nervios! https://t.co/Msdxw4HQgR"
"252","#05Nov Hoy celebran su onomástico: Ángela, Bernardo, Domingo, Geraldo, Gregorio, Guido, Isabel, Juan, Marcos, María, Narciso y Zacarías."
"253","@IL0VEthe80s My great uncle traced our family back and Guido “Guy” Fawkes is our naughty ancestor...<U+0001F62C>"
"254","Me parece una falta de respeto que no este Guido en ese XI. https://t.co/fNTAKytVO6"
"255","CONVOCA A GUIDO RODRIGUEZ @lioscaloni"
"256","It’s #throwbackThursday and it’s #jerzday 
I love this throwback pic of me and hbgirl5 posted  in honor of jerzday and #tbt 
you’re the Vinny to my Pauly lol #fun #guido #fistpump… https://t.co/zCz47B7wJs"
"257","Sin maquillaje #SinMaquillaje #AlNatural #MeDaFlojera #MenosQuimicos #Asi #MeAmoAsí https://t.co/CrQ3e4Hq5F"
"258","Estas son las madrugaditas... <U+0001F3B6> 5 de noviembre!
Happy birthday madre querida y madre adorada.
Pura belleza :p heredada... Dios te llene de bendiciones siempre y te regale  cien años más… https://t.co/gUV8vmSMlR"
"259","@evoespueblo Pobres pelotudos , Evo andate hdp"
"260","@TNFamosos @todonoticias Parecen padre e hijo.
Me recuerdan a Guido y Tomasito <U+0001F61C>"
"261","Saint of the day https://t.co/gZVZng08Us"
"262","@mufc_hadji @UnitedTrinity68 @crimesofbrits Of course not. But there is another English-based footballer who has been getting dogs abuse for the last few years for the very same stance. Why is he different to Matic? Seems to just be some vitriolic anti-Irish sentiment from a bunch of thugs at every game."
"263","Madjid Hadji @MadjidHadji4 https://t.co/uhDUAg9Ihu"
"264","@keithhernandez I can see why you love Hadji.  We have three fur babies ourself.  Thank you for sharing him with us."
"265","@keithhernandez Bailey says hi to Hadji https://t.co/0Kit9OiwR0"
"266","@keithhernandez Hey Keith. Great words of encouragement for us fans. I’m glad to hear Hadji is enjoying Florida.  I hear the Tuna is fresh down there this time of year.... Right @keithpurrnandez ? <U+0001F420>"
"267","@keithhernandez Hadji knows how to spend Sunday..."
"268","@keithhernandez When are you and Hadji going live?"
"269","@keithhernandez Did hadji ever get his tuna?"
"270","Get your Hadji 2019 calendars #LGM https://t.co/2dPlYXUScw"
"271","@keithhernandez Hey Keith, how do you get Hadji to FL? We have to move our 2 cats from NJ to NC next year &amp; trying to figure out best way."
"272","@whatsatalia This haole doesn’t think racism is still bad and here in 2018??? Omg I just had a Vietnamese child cry to me at work about how kids in his school (Norwalk schools) make fun of his eyes, say racial slurs and call him yellow skin"
"273","@Republican_1973 @MSMEnemedia There’s this thing called “kill a haole day” in Hawaii (kill a white) I was one of 3 “haole’s” in school. 3rd grade, 40 kids between  ages 17-9 chased me home. When my mother saw what was going on she made me fight 1, of equal size, giving me pointers before hand."
"274","“All the locals think he’s a high maka mak. Any moke outside these gates would want a piece of this haole” -direct quote from the Magnum P.I. reboot lmao"
"275","Biscuits and gravy! We walk in it’s a bunch of old haole people with their news papers &amp; coffee. I’m like ok give me the menu please tell me there’s some mimosas atleast. NOPE! <U+0001F926><U+200D><U+2640><U+FE0F> I could’ve rolled out of bed for this or even got a workout in... instead of washing my hair and"
"276","@woke_hoover @JohnLockesKnife His timeline is him and all his stans saying it's okay to be anti-Semitic when it's about Bernie"
"277","@RealTimers @bariweiss ""But it owns to airhole unarmed Palestinian kids, so he's doing that right."" -Bari&amp; Bill"
"278","@AgrippaNothing Troop worship causes brain degeneration esp since these aren't even real Are Troops yet"
"279","@marinafang @lib_crusher ""He made a racial whoopsie"" was the draft version"
"280","My new friend from yesterday...he asked my Mom if he could take me home...she said “No, but I’ll share Haole with you”, and he responded “No, I’ll take him home!” G-you were a rockstar yesterday! #awowfamily <U+0001F9E1><U+0001F9E1>
.
.
#standwithhaole #ambassadog #awalko… https://t.co/CYiMXZKu0A https://t.co/HwMSiX4BQf"
"281","@Haole_Bill 1789: The military is subject to control of an elected civilian. 

2018: The President is a Super Troop and it is within his right to demand an animal be used as a football for the good of Our Nation."
"282","Today's @DailyAthenaeum #HornsDown https://t.co/UxNXa5sAW5"
"283","@juliarain_ and @Cieraaaaa_26 the optimistic hillbilly retard duo."
"284","@tannerthehammer Homeboy I am not advocating to take away your hillbilly mud ridding beer shotgunning raised yeehaw trucks, but reduce deforestation and teaming up with other European countries to pass legislation that allows for the reduction of Co2 emissions."
"285","Fri, Nov 30 9PM | The Wiyos | Gleefully subverting genre distinctions, their music comes from a time before commercial formatting separated blues from country, ragtime from gospel, and swing from hillbilly https://t.co/2zT21W8qIX #thewiyos #hudsonNY #helsinkihudson https://t.co/wzVVMsFLaF"
"286","According to #Democrats it means you are a toothless inbred hillbilly racist. https://t.co/n1aQDSuSm8"
"287","@ezraklein Strong economy, tax cuts, North Korea in the right direction, pulled out of Paris accord, pulled out of TPP, renegotiated NAFTA, reduced regulation, brought jobs back.

Yep - pure identity politics because his hillbilly base just hates them different folks."
"288","@Rey_Sistance Theee are extreme right wing militias waving banners with Donald’s name in them, ready to do violence on his behalf while he empowers them during his Nuremeberg hillbilly rallies. We are at a perilous precipice politically."
"289","Hillbilly trying his luck with morning black out games #affiliated #smallstreamers #smallstreamercommunity #pathtopartner #SmallStreamersConnect @SmallStreamersC #SupportSmallStreamers #twitchso https://t.co/EsWECqIBK8"
"290","His fit slick tough, he look like a freshass htown hillbilly https://t.co/cIoiLKzkIb"
"291","@wildmanfromWisc @DykstraDame Good let’s make a case to throw Hillbilly Hillary in jail."
"292","@_honky_tonkin And ten more just in case that don't do the trick"
"293","Honky Tonk Badonkadonk came on the radio &amp; I had to explain “britches” to my Colombian boss so I’d say my week is off to a good start"
"294","Wishing everyone a Honky-Tonkin’ week. #Honkytonk #realcountry 

https://t.co/KM0m8fFYRQ"
"295","@honky https://t.co/q4qzuBQ7J4"
"296","So excited that this new version of @GettinSweenered is following me because she plays “honky took” music. It’s my favorite. https://t.co/S8TOQh9LaO"
"297","Hey, why'd I have to dress up for to come here, put on a shirt and a tie? 
What are you talkin' about, Pop? This is a nice place.
This ain't no honky tonk bar.
Look like a bunch of honkies to me.

So much shit you can't say anymore. Love this show."
"298","THE SOUND: Whitey Morgan performs honky-tonk road show at Wooly’s. When Whitey Morgan was a child, his grandpa played guitar, strumming the tunes of Johnny Paycheck, Hank Williams, Johnny Cash and other country classics. https://t.co/q90U8Vk2rv https://t.co/EN274vP1NU"
"299","@realDonaldTrump @AndrewGillum @RonDeSantisFL I don't think the voters in Florida want to Honky this up."
"300","Phone In Heaven Live at Honky Tonkin Opry'
#mikemanuelmusic #missioncountryontherow https://t.co/Z7BDDW8cQN"
"301","I’ve got two dollars in the jukebox
five dollars in a bottle"
"302","@FitGem71 @Kierryk345 @TalbertSwan @OhioState I am neither. I am a Latina that looks white. I realize that means I have a certain amount of privilege. And I mean to use that privilege in defense of POC. I speak honkie."
"303","It’s crazy what you doing to the country honkie https://t.co/pm6Gkayuix"
"304","@Funkie_Honkie @ConcernedLibby @Mottel ANYONE who is lost will be found"
"305","@Funkie_Honkie @ConcernedLibby @Mottel I say that only when all true Christians convert to Judaism will there be the Second Coming. Jesus came to return the ‘lost lambs’ of Judaism back to Judaism because as many people forget there were ten Lost Tribes of Israel. Christianity is how they are gathered back to Judaism."
"306","never eating that honkie establishment <U+0001F92E> https://t.co/UeLsFC5Rnw"
"307","So last night I went to a honkie tonk and since I don’t drink I was packing. Met a chick and while we were dancing she felt my gun and whispered in my ear that a man carrying made her wet. She hasn’t left my house yet <U+0001F4AA>"
"308","@Cait_Lawlor Yall put tha brakes on sista  : :they be haulin you ass of to tha funny farm : yall no what i mean  : ::no jive as honkie gonna git me wit his strait white coat  yall <U+0001F628><U+0001F628><U+0001F628>"
"309","This the most honkie shit I’ve read all day lmaoooo https://t.co/AU2qvlaICF"
"310","@Funkie_Honkie @ShaineScalph @PetiteNicoco AAAAAAAAAHHHHHHHH"
"311","@Funkie_Honkie @getongab So, literally, Gab is pro-violence, and that means gab is against free-speech because violence suppressed free speech."
"312","@DonaldJTrumpJr A live look at Streisand on election night. How much you want to bet Captain Hooknose doesn't leave after the Red Tsunami next week? https://t.co/P052zi9rgt"
"313","hooknose on nick's stream rn lmao"
"314","@markhumphrys @sn0wball11 How can someone be an actual Nazi in this day and age? They can follow Nazi beliefs and support the regime and idolize what they did but can someone be an ""actual Nazi"" as you put it. And I'm sure if you look through your family history you'll find a hooknose somewhere!"
"315","@brandondarby Truly said like a person who didn’t grow up in “flyover country” their whole lives only to be told to “go back to New York” and get hooknose gestures made at them. There are plenty of Jews in flyover country, they know things you don’t and some of them were murdered yesterday."
"316","@curvycon75 @Voteforthefrig @xeni He's a drunk like a Kennedy. My father used to call ladybird johnson old hooknose"
"317","10 Newly trained Indian Foot Massage Therapists will soon be ready to make your feet &amp; lower limbs feel amazing! Justine our demo person (not a student) remarked at how this treatment made her feel like she  had had a full body massage treatment. @NHPCANADA @MTCanadaMag @RMTA1977 https://t.co/PFimyR6aiC"
"318","It's more than 2 months until the next Indian Head &amp; Indian Foot Massage Training in #yyc but both courses are filling. There are now 4 seats only for the Jan 2019 IHM Course. https://t.co/BRKJSFMCgY  @RMTA1977 @NHPCANADA @MHVicarsSchool @spascanada @SpaIncMag #massagetherapist https://t.co/cL8UvizFY0"
"319","Imran is dressed up in Indian wear, few days ago kabir was in red attire, what’s going on, are they coming up for some celebrations or it’s for Diwali? I am confused as they mentioned about Zara and kabir going to Mumbai #Ishqsubhanallah"
"320","A great day at the Indian Festival this Saturday with the @pilotbank team, @kat_pro CEO Kothand Rajangam &amp; @pateltimes. https://t.co/6FdtKyyY4u"
"321","Indian villagers crush tigress to death after she killed man: https://t.co/AXIdz1KGiT"
"322","barak Adeline Lange XXX Video Indian Sex Videos Amateur Sex video indian group sex cock massage fuck for money  h hours agoPompini Sexe Plage Suomi Porno XXX videos Porno Video Deutscher Porno Swiss Porn Mom 52318"
"323","Indian villagers crush tigress to death after she killed man: https://t.co/qmG9Qf9ly8"
"324","porn  h hour agoSwedish Erotica Adeline Lange XXX Video Indian Sex Videos Xnxxx XXX Porno PornoVideo Xnxx Videos PornTube XXX hardcore sex XXX girl with pussy cock cum sara st fuck pussy  h 69007"
"325","An Indian Reservation is still classified as a nation within the U.S. They have their own government, etc that's why a number of reservations have casinos in states where gambling is not allowed &amp; at one time, tax free cigarettes. Now, I haven't kept up some laws, so.... https://t.co/lyzrTpU5b4"
"326","Meet the 91-year-old Indian gynaecologist who has been treating her patients for free since 1948. #infinitefireinc #gynaecologist #freemedicalservice https://t.co/aUxulUbI0a https://t.co/Qs0sf9k8di"
"327","h hours agoJapanese Sex zle video LiveJasmin Sexy Ass Femmes Matures XXX XTube Arab Sex porno izle video XXX sex xxx Sex Hardcore Porno Videot Brazzers Video net video girls jap porn milf orgy  h hours 10050"
"328","I'm trying to fuck — Man it's wayyyy too early for all this, Kade Satnaam vi jap leya karo https://t.co/NiKn6K0xrH"
"329","I disagree with the entire article, so much. They never experienced #AntiSemitisim first hand? Really? None of these women were ever called ""A Jew"" or ""JAP"" because these aren't fun little jokes these are anti-semitism. https://t.co/pTu7JpDgJv"
"330","h hours agoJapanese Sex zle video LiveJasmin Sexy Ass Femmes Matures XXX XTube Arab Sex porno izle video XXX sex xxx Sex Hardcore Porno Videot Brazzers Video net video girls jap porn milf orgy  h hours 4333"
"331","@JAP_squared I do this to juan and she gets annoyed with me too haha"
"332","Follow built 2 win for great car prizes, for cheap ticket prices. Now up for grabs is a 400bhp Evo waggon
#cars #evo #built #JDM #Japanese #jap #stance  #Competition #japfest
#follow #win #MadAsHell #mods
#vehicle
https://t.co/A2TtHZy4Oj"
"333","#US #sanctions #waivers will add to #Iran #oil sale in Nov. SK imported almost 0 b in the past few months, Jap also reduced imports significantly. They didn’t give any order to #NIOC for Nov.
Iran shipped more oil than it sold for Nov, so its ready to deliver oil to SK &amp; Jap."
"334","Jap kau buat autocad acane? 
Pinjam laptop member ke? https://t.co/Mx5QMGmCY6"
"335","ohhh you added jap and weibo. thank you! https://t.co/rA2rCBV0AD"
"336","Rifleman, 10th Army, 32nd Inf., 7th Div., searches Jap. prisoner emerging from cave, Okinawa @Militarydotcom @WW2Facts @WWarII @USARPAC @HISTORY @HistoryToday @historyinmoment @Battlefields @WWIImuseum @WWIIpix @wwiimemories @kenburns @veteranstoday @DAVHQ @votevets @VFWHQ #books https://t.co/KTczUioJNr"
"337","@thehill What do you expect from a Jew? Every single time"
"338","@LunneySinead @NetzahEternal @MountTzion @dbuscemi1949 @SimonBradley22A @Ahrrggghh @yoni_yonder @dlsmith0817 @DeepStateNewZik @RabbSol @Peppi1207 @VeronicaTalbot9 @18KOP92 @umustbe @twaldman @zodluc @sammynoor11 @realChaim_Rubin @speedymc67 @antiwar1954 @Peace2Palestine @Karen_E_Leon @KhalidAlThaniQA @Pakeha56 @BaruchMaimon @affinity292 @amirshah316 @alan_emet @DHasbara @WVBeaulieu1 @Darkplumm911 @JCAisback @UpYourAss7 @LogicAndSanity @BigDuke077 @daviel_raviv @nissatal @LearsiReverof @AngryScreed @qamndap @HarveyBLewis1 @jeffrico @pursuinjustice @TheRandomJew @KnightRider8491 @DSDloveyou @CanfieldKenny @Kat76309756 @JerryFuhrman2 Jew, defined, you deny, Hebrew Defined, you deny. Do you understand how hopeless your argument is?"
"339","Muse thought FDR was part of Soviet plot: ""That crazy man in the White House will Sovietize America with federal  handouts of the Bum Deal--sorry New Deal. Or is it Jew Deal?"" TX Monthly 2/86 p. 116."
"340","@prayingmedic @PatriotGinger Except Soros stole from Jews....so pretty sure they took his Jew card away.  He’s an admitted Atheist."
"341","Jew team 3 bh"
"342","12 days ago: the worst #antisemitic violence ever in North America. 
4 years ago: filmmaker @MartinHimel  documented its rising tide worldwide in the shocking, but hopeful 4-part series #Jew Bashing for @VisionTV. #Watch here: https://t.co/CHmR2qgczy #humanrights https://t.co/6zieqvrMV0"
"343","@AMErikaNGIRL07 @Golfinggary5222 @AmyMek @parscale @mattgaetz @LaraLeaTrump @DonaldJTrumpJr @DineshDSouza @seanhannity @realDonaldTrump I guess then they are at it again ,not disguising it either ....they have done it to me ,a conservative vocal Jew a few times.....tooooo many!"
"344","@Flaxc0 @jillpoll @israelradioguy @KhalidAlThaniQA @ZealouslyQuoted @gossip_ink @yoni_yonder @JKapushkin @sammynoor11 @dlsmith0817 @tzion_7 @affinity292 @daviel_raviv @MMayerhoff @JudgeFudge5 @erythrea2013 @RogerWilliams43 @LyraSAndPan @Jew_ofPeace @pursuinjustice @Scripteladora @deirdre11187011 @delta9mufc @EmsEdwards @Shark1718 @DohanyJulian @lanceforfrances @Yosefman222 @hands_derek @DultKathy @AnahitaAredvi @malkaavram @JeanEngel777 @tvigy2 @Peppi1207 @rabbottmusician @joaniebillings @VeronicaTalbot9 @Felicia71627489 @DlaminiSinclair @londonjimmya @stscholasticas @OsamaNayfeh @theONEhermit @AD_4G @PaulaSwan10 @DSDloveyou @Aishaabdi311 @qamndap @Legally_Israel LIAR. NAME BAMES AND SHOW PASSAGES. you are a JOKE."
"345","My grandparents came from Russia and I am not Russian. I am Jewish. It doesn't matter how many generations my lineage goes back. I will -never- be Russian. I will always be a Jew. That's just how it is. I can no more stop being a Jew than a Latino can stop being Latino."
"346","There's a mispreception among some non-Jews that Jews can stop practicing our religion and the anti-Semites will stop hating us. This is not true. I'm an atheist and they would still put me in the gas chamber for being a Jew. Being Jewish is not just a religion."
"347","Why does @TheTomTodaro remind me of Stanley Yelnats from Holes? Idk. Maybe it's cuz he's a jew-bag #jew #haha #fuckinjew #jewboy #lilfluffyhairedjewboy"
"348","@RealMaimonides As a self described Jewess, maybe you could enlighten me about which theory about the way society operates is more hate causing and destructive in the modern world, ""the International Jewish conspiracy"" or ""patriarchy theory""? Which is falsifiable or disprovable and how?"
"349","Acts 24:24 And after certain days, when Felix came with his wife Drusilla, which was a Jewess, he sent for Paul, and heard him concerning the faith in Christ."
"350","@nowthisnews @ilazer The Jewess cries out in pain as she strikes you"
"351","@FraterRogerus They dont look a jewess.. ..more like attention hungry."
"352","@pinkcouchlady9 My favorite skit of her is ""Jewess Jeans'. I know every words and will bust out singing it at any time."
"353","My mom was more shook by a man trying to sell her drugs in the village than when she was hit by a car last night. New York is too wild for her"
"354","@Trash_K1ng I prefer daylight spendings"
"355","It's dark at 5 PM wtf climate change???"
"356","@mermaid_jewess @Trash_K1ng lmao <U+0001F602>"
"357","@mermaid_jewess bitch it’s daylight savings"
"358","Look at this jigaboo https://t.co/IhKLFDQEJf"
"359","Someone get this jigaboo away from me!"
"360","Uncle Jigaboo 2x"
"361","She want that jigaboo dick <U+0001F92A>"
"362","@Leobear__ Will someone get this jigaboo out of here https://t.co/7fRS7SzIdR"
"363","Someone get this jigaboo away from me!"
"364","i be ready to slap fire from between this nigga eyes i stg <U+0001F602>. Don’t nobody know how to strike my nerves better than this jigaboo"
"365","@Jigaboo_Josh @TennStateQues On JESUS lol"
"366","Lil jigaboo groyper https://t.co/JzG2iqEQz6"
"367","@Jigaboo_Josh we not a dance group like others"
"368","Hey jihadi Justin?! Are you watching???? https://t.co/LIx6dF73KO"
"369","Diversity is our strength..
#muslimban #BuildThatWall NOW
JIHADI DREAMER, 19, from Syria ???raped teacher at Swedish high school' https://t.co/9Tx62JQ7Do via @MailOnline #CaravanInvasion #MorningJoe #Caravan #OpenBorders #MAGA #foxandfriends #MondayMorning #VoteBlueToSaveAmerica"
"370","Thus spoke the jihadi mayor. You are making #London into a world class #Shithole https://t.co/fn5htvHLX9"
"371","@AMike4761 Sarsour is a jihadi Terrorist out to destroy America she has to go <U+0001F480><U+26B0><U+FE0F><U+0001F1FA><U+0001F1F8>"
"372","@BorzoiBoskovic Just so we are clear, you jihadi lover:  ""HIAS took out ""Hebrew"" from their name b/c they don’t support Jews or Israel"" JUST LIKE YOU DON'T.

So once again, NAZIS and COMMIES share the same STD."
"373","Why Women and Children Stay Silent During Islamist Abuse https://t.co/ZWn4vTlk8T"
"374","@StaaarFiiish @BBukeeB @OrwellNGoode I totally assume that every foreigner is a jihadi. It has nothing to do with problems escalating with certain groups of people, especially in certain countries. My concerns are racist by default because I can see the possible problems with it where you see rainbows and lollipops."
"375","@BBukeeB @StaaarFiiish @OrwellNGoode Being anti-jihadi is now racist? You serious? When did that happen?
Just like open borders, it's bad to have basically open army. It's too easy to exploit for any reason."
"376","@NeilClark66 @HJS_Org Frankly im more concerned about the 3-5k Jihadi's wandering around unchecked and those we allow to return from the middle east.But of course it's apparently racist to talk about that."
"377","@FoxNews @trumpcardup Add Policy to leave this jihadi in Iran.... https://t.co/hBFONJ0wKu"
"378","Deleite visual de la perfección de la 5ta. Sinfonía de Beethoven. #BuenLunes

Fuente: DoodleChaos https://t.co/rH30oRFHjM"
"379","@kike_125 ES OBVIO pero es un CHISTE, tengan sentido del humor"
"380","@Nordica_Libros Las vuestras las guardo en el libro correspondiente, son preciosas. Las de Kike de la Rubia (creo que eran de él) también me gustaban mucho. El resto generalmente las pierdo, suelen ser “publicidad esngañosa” y dan un poco de vergüenza ajena de tan hiperbólicas."
"381","La mejor ciudad del mundo. https://t.co/KP1QqAifZL"
"382","Y de ""cholos"". https://t.co/u5vOBZeYgw"
"383","Hasta que entendamos que la desidealización es un proceso normal y necesario vamos a dejar de vivir con caretas y en nuestra fucking burbuja. La realidad sobre la ilusión no es el final, es el inicio."
"384","Thank you  everyone for the lovely  prayers and birthday wishes.  I really appreciate you all. May we continue to celebrate with one another. #ForeverGrateful <U+0001F618><U+0001F64F><U+0001F64F><U+0001F64F><U+0001F64F><U+0001F64F>"
"385","El disfraz más temido de este Halloween https://t.co/bzGNYCO4bT"
"386","@Kike_________ Jajaja nomás"
"387","He perdido mucho respeto de las personas solo porque se dejan llevar por una red social. Quien me conoce se queda, quien no, seguro no estará."
"388","Og Mandingo wrote “The Greatest Salesman in the World” a best selling book in 1968. Happy Monday everyone! #ogmandino #happymonday #letsgogetit #freshstart… https://t.co/HqKNxT82Jv"
"389","@supersoniclemon It shows that you know who Mandingo is."
"390","You might obsess over something more than you have time to spa... More for Scorpio https://t.co/j4CG1ZRBTI"
"391","Baba Commandant &amp; The Mandingo Band - Loga Fo Djelba - Siri Ba Kele (2018)"
"392","Porno Video XXX Bitches videos XXX SEX XXX teacher porn VideoMateur Gode Ceinture Video porno video hd mobil videos Sexe Plage Gros Seins Gros Cul XXX porno video hd mobil puerto rican porn art mandingo anal"
"393","Mandingo realness in these streets <U+0001F937><U+0001F3FE><U+200D><U+2642><U+FE0F><U+0001F602>"
"394","@MIIRASOUL @TrigNO__ @TwanRapTheMummy @TrippFontane @ZacFresh @WordPlayKeyz Love u too migger"
"395","@lindeeloo_who “Moon cricket” is a racial slur, btw."
"396","@lesimperatrices Moon cricket ™ is a rare southern exclusive please be thoughtful about normal people"
"397","@ethiobaddie731 I said what I said you moon cricket"
"398","@haseemolajuwon Damn my bad you moon cricket"
"399","@willevanswrites ""LET ME TELL YOU SOMETHING SKIP *vaguely audible sweat* THIS MOON CRICKET IS A LAZY EMBARRASSMENT, IT'S EMBARRASSING TO THE RAIDERS FRANCHISE"""
"400","There’s only one thing Moon Cricket ‘s are good for and that is acting like jungle bunnies after they score a touchdown !! Act professional ! Please !!! We don’t want to see you try to dance and any other thing you can come up with !!!"
"401","Bruh Rod called Dalton a moon cricket <U+0001F602><U+0001F602><U+0001F602><U+0001F602><U+0001F602>"
"402","Thank you for the name, Grandma Calvert. <U+0001F5A4>

Her maiden name was Mary Catherine ""Cricket"" Moon. This side of the family is where I pulled Moon from. https://t.co/0R8xQQ0h3D"
"403","I’ll never forget that old black lady on family feud. When it was time for fast money and she named a mule as an animal you ride. If that wasn’t the blackiest, crispity, moon cricket, country bbq ass answer...."
"404","Meanwhile, they get away with naming kids ""Apple"", ""Moon Unit"", ""Cricket Pearl"", and ""Ellen DeGeneres"". https://t.co/nIiFBlqD4y"
"405","@MamaMooka That is hella true because they are hella ignorant. Mary was taught that the politically correct term to call us was niggers LOL and she learned that in Africa. After Europe came and took their strongest and smartest for guns and weapons, Africa fell completely off"
"406","It’s a touchy subject for me cause I’m from Birmingham and my great granny literally marched in the street for you ungrateful niggers to vote."
"407","Grugore hates niggers and gooks https://t.co/jXfVJEAXf7"
"408","Me when I hear black people calling other black people niggers https://t.co/6qq9zBthes"
"409","mDestinyLeague_ how my niggers doing bet this league blows without my mastery at the game fuck butches get niggers"
"410","Sup faggot niggers"
"411","working hard to make money is the biggest lie white ppl told yall niggers  besides believing in jesus and voting for democrats"
"412","@ChoiJeongSan I like the scientific term for niggers is Negroid lmao"
"413","I mean, I wouldn’t want to look huge, swole and jacked too. You might look like one of those basketball niggers you detest so much. <U+0001F937><U+0001F3FE><U+200D><U+2642><U+FE0F> https://t.co/wv36obnt6q"
"414","okay tl is dry y’all niggers need to wake up and get this bread"
"415","@aerxsq would rather be a bitch than a smelly nigger good day square headed styleless rat"
"416","Swap out batty man n replace it with nigger. Now pretend a white dude said it. https://t.co/4eWyrkVgyN"
"417","@clausbrinker Good and Evil will always be living in the same moment.
I hear it more now/ that Trump has finally come out of his KKK KLOSET.
You were his ""forgotten: People. And when Obama became president before one of your own..Jesus..couldn't let the Nigger in the white house now..could we?"
"418","It’s your civic duty to call someone a nigger today"
"419","@ydbscott nigger"
"420","""Herman Talmadge is a friend to the negro. The southern people are friends to the negro. If they would let us alone, and let us handle the situation, the nigger would be satisfied and we wouldn't be so annoyed"" -Judge Eschol Graham regarding Black people voting, 1946."
"421","Chance the Rapper makes happy nigger music"
"422","Look here nigger.  That aint the case <U+0001F602>. Lets set it up https://t.co/gJ11E97Cil"
"423","Nigger https://t.co/8YaMPOG4De"
"424","Why is it that when a white person wants to insult you they call you a nigger smh . I got challenged at work by hate and I stood my ground . Slept like a baby . <U+0001F60C>"
"425","My nigga literally taking the season off https://t.co/KqLNBnXeAg"
"426","@infamousantlive Nigga had gorilla glue like the real glue in the splif with weed. Rmfao.!"
"427","Bro this world is fucking stupid asf yall dummie hire crackheads and meth heads and shit but once a nigga really needing or actually trynna get a job yall wanna decline him cause he smokes weed tf yeah and ima keep smoking cause of dumb shit like this im done trying<U+0001F621><U+0001F61E><U+0001F937><U+0001F3FD><U+200D><U+2642><U+FE0F>"
"428","Fuck that, nigga wanna talk like a man, better scrap like one too! https://t.co/ol0EanA1gy"
"429","Tyson ready for that nigga to pass the blunt https://t.co/yeAgb1s584"
"430","Nigga we got gunna, I’m bout to get this crown in my system tonight https://t.co/QFjuTXt9ag"
"431","i’ll nvr let a nigga tlk dwn ir run ovr you"
"432","What do y’all even be talking about on here?"
"433","@Kamanin_1 Go to bed nigglet <U+0001F923>"
"434","@_QWLD Happy birthday fellow nigglet<U+2764><U+FE0F><U+0001F602> don’t destroy your insides too much but be t’d and stay safe <U+0001F642><U+0001F389>"
"435","@kenidee_2 the bellybutton is still an idea in progress nigglet <U+0001F612>"
"436","@frumpa777 @ATLBlackStar A jealous nigglet <U+0001F602><U+0001F602>"
"437","LMAO, that little nigglet is like 11 years old"
"438","I’ll be damned if I get with a nonblack person &amp; try to have a roast session with them. “Monkey ass lil nigglet” just won’t hit right coming from somebody who ain’t black."
"439","Wtf is ngl I read that shit as nigglet <U+0001F62D><U+0001F923>"
"440","They used to call me nigglet, that should have been a sign that I'm the black sheep of my family."
"441","@twilksss18 Keep ya head up love you nigglet"
"442","@Nigress_Please He won't tell her because his love for Sarah obviously isn't that deep. Otherwise he'd tell the truth. Because honesty is key in any relationship. <U+0001F602>

Rex didn't used to be this dumb though. Where's genius Rex? *sigh*"
"443","@Nigress_Please Like this? <U+0001F602><U+0001F602> https://t.co/3TKaJ8O46a"
"444","@Nigress_Please Hahahahah! I can’t with you. I do like sneaky Claire but I have a feeling that she helps him keep this a secret because she likes him and thinks this will bring them closer. <U+0001F926><U+0001F3FC><U+200D><U+2640><U+FE0F> 

Paul deserves better. Also wondering when are we going to see Elani again. I miss them. <U+0001F629><U+0001F629>"
"445","@Nigress_Please You keep it real, you have fun and also you don't take soaps too ''seriously''. Keep it up! <U+0001F602><U+0001F618>"
"446","@Nigress_Please Stefano used to scare me when I was a kid. <U+0001F633> I remember being so entertained by Kristen’s antics. Good soap! 

I believe in you. You can do this! https://t.co/4tzY6jVc8x"
"447","@Nigress_Please @MarciaHowell16 <U+0001F602><U+0001F602><U+0001F602> https://t.co/kLBUOP0pZu"
"448","@Shansdoe @hey_jordn But if I call u a monkey nigress I’m the problem"
"449","@Nigress_Please <U+0001F602><U+0001F602><U+0001F602>"
"450","@BSkylarkin @LesaPamplin @tariqnasheed She thinks because shes a lawyer she isn't lumped in the same group as us. She'll get her nigress wake up call soon."
"451","@scatterth0t (next: nip painting video) <U+0001F618>"
"452","Tuna Striped Bass Perch Barracuda Fish Cat Mat Catnip Blanket Cat Nip Toy Reversible Washable Kitten Kitty Toy Navy Brown Beige Gray Blue https://t.co/196EFbluy7 via @Etsy"
"453","@48ONIRAM much like the early nip the foretells a storm, I feel this tweet in my old bones"
"454","Lego Star Wars Rebels Set #75170 The Phantom NIP VHTF Admiral Thrawn Kanan  https://t.co/RD7x6JSv1v"
"455","If we start making MAGA skullies n beanies we can nip this thing in the bud ASAP @kanyewest"
"456","So our (wonderful) pet sitter is giving the cats nip every time she visits, and they are going to be SUCH spoiled assholes when we get home!! <U+0001F639><U+0001F300><U+0001F343><U+0001F63C> #LeiaHursh #catnip #kittydrugs #kitty… https://t.co/OP1gget14H"
"457","@Xizt_Ence Dennis shouldn’t, nip should"
"458","@leSascha__ @deadlyfart69 @denniscsgod That ain’t the reason, the reason is because nip is a top team and has potential to win/ beat any of the teams at this event."
"459","@33Dota @NiPGaming Oh dang, that's bullshit, I'm sorry. But good luck to nip all the same and see you in the next @33Dota"
"460","@pattonoswalt Voting in my first primary, whee! Never felt like my vote mattered or felt like no candidates earned my vote but shits gotta change and this is the only way I can affect that change. I'mma wear that ""I Voted"" sticker right on my nip."
"461","@aaapignoloni Van a hacer un interconectado con el hipódromo Oriental Park en la Habana, Cuba, para unir la tarde soleada de la isla con las luces mágicas de la noche en el ovalo Ritense y el que tenga Petros, tendrá acceso al jockey club con subsidio en las bebidas alicoradas.
Vayaaa..!"
"462","My #birding handbook only mentions the Japanese White-eye, or mejiro, on the Islands of #Hawaii. (The Oriental White-eye in Asia looks very similar.) We saw these shy, small birds at Waikoloa Village, photo (October 20), and Puuhonua O Honaunau National Historic Park. https://t.co/YNPXinNg0S"
"463","@B9nu_3rabi1n @The_Most_Syrian @Samantha______L @GacMars @MaevaOsseiran (1) Il m'a fallut 30s de recherche pour comprendre que l'haplogroupe J est apparu il y'a entre 10000 et 20000 dans le Moyen-Orient, c'est à dire à la période néolitique. Remontes plus loin encore, tu découvriras que la vie est apparu en Afrique."
"464","An assortment of Hereke or Indo-persian or possibly Pendig oriental area carpets with natural dyes and Rugman area wool. Selecting these when it comes to your rooms tends to make you healthier."
"465","#<U+C778><U+CC9C><U+C11C><U+AD6C><U+BB38><U+D654><U+C6D0> #<U+D6A8><U+B9BC> #<U+C11C><U+C608><U+BC18> #<U+C11D><U+ACE0><U+BB38> #<U+C784><U+C11C> #<U+C804><U+C11C> <U+C11C><U+C608> <U+66F8><U+85DD> Oriental calligraphy - <U+C8FC> <U+C11D><U+ACE0><U+BB38> <U+5468> <U+77F3><U+9F13><U+6587> #5 https://t.co/hw06SL5Yhe"
"466","Ok I was totally thinking of making it a pizza party, french fries, meatballs, oriental mix, cause no one will want to order at the bar so I'm gonna force yall to eat..."
"467","@CFE_Contigo @CFEmx buen día, variación de voltaje en calle oriente229b agricola oriental, iztacalco, urge su atención."
"468","#EnTuMóvil El tiempo: Aislados chubascos en la costa norte central y oriental https://t.co/2CEXOVgBbc @PazVerdeMundo @reporteciclon"
"469","En Mir, acto nacional por la creación del IV Frente Oriental Simón Bolívar: https://t.co/MUnWURedKY vía @YouTube"
"470","11 Ways the Oriental Deserves a Standing Ovation https://t.co/gVj1XwDzMm https://t.co/bFLsHQYewY"
"471","Why come every time I go to Walmart some redneck guy has to say something overtly racist to me as if I’m down with it"
"472","Nicely done @Stephenasmith @FirstTake 48 Hrs Redneck Bar Scene https://t.co/tMLOJwZiLl via @YouTube"
"473","Laken and I were driving down the road and a freaking Bentley passes us and I freak out and say “OMG did you see that car!?” And this was Laken’s response... 

“No but did you see the Dodge Truck before it? Omg, it was so nice!” 

Me: <U+0001F626><U+0001F610><U+0001F922>

How is this redneck my sister...."
"474","@BruhUTrash I didnt see a single redneck or country music"
"475","I guess I better get online and see who these #DEMOCRATS are I’m voting for tomorrow. It’s time to get these #REDNECK #REPUBLICANS out of office before they have the US at war within!! #GOVOTE"
"476","@georgelittle @BasiaSosnowska @USAPatriots2020 @cnnbrk Because all the poor, toothless, uneducated, redneck, junkies from red states go to Cal and WA because those states actually care about their people. Those broke ass Red states can’t afford to help those who can’t help themselves so they ship their problems elsewhere."
"477","@TheRaDR Right now, while the redneck militias are all at the southern border waiting for some Central American refugee asylum seekers, would be a good time to do JT."
"478","@JohnWSlagle @TheeeeChad @jbook37 Most the polls that I remember seeing had Hillary winning fairly easy! But I’m just an uneducated redneck who watches Fox News so I’m probably wrong!"
"479","Kid Rock - Redneck Paradise (Remix) ft. Hank Williams Jr. [Music Video] https://t.co/PxVEW6Wldv via @YouTubeI am going to see just how much Facebook blocking the right give a comment if you see this"
"480","Things a Republicans Redneck would say, ""I'm going to kill that deer WITH MY GUN and wave my CONFEDERATE FLAG over it has it dies."" Because that's the American thing to do?"
"481","@HerSoulWrites @ReggieC_6 It’s not that he isn’t allowed to be hurt, but he’s profiting off the shock of a word that hurts so much more for black people Bc it’s actually meant to dehumanize us. Sand nigger is meant to remind NBMESA folks that to white people, they have no value here just like black ppl —"
"482","@HerSoulWrites @ReggieC_6 Again, the offense from sand nigger is not rooted in trauma surrounding the word nigger ( like it is for black people) the offense is rooted in nonblack MESA folks’ antiblack obsession with not being compared to black people."
"483","This goes out to the white boy that called me a sand nigger on PlayStation yesterday... <U+0001F595><U+0001F3FF><U+0001F595><U+0001F3FF> https://t.co/f2sABxdmiO"
"484","@Nmenon777 @FeliDiabolica @theRealWedgeA @GSarafan @dilatediogenes @AWorldOutOfMind I got called a sand nigger after 9/11 in downtown Seattle. It happens everywhere."
"485","@vendedoradprosa Lawyerland, by Lawrence Joseph, a visionary nonfiction novel disguised as a book of lawyers talking to each other, it's like Gertrude Stein and Scott Turow collaborated on a book. He's mainly a poet, writes things like this:

https://t.co/gFEWgc1zlt"
"486","@genjpeg Fucking sand nigger"
"487","Must be awesome to be able to focus on fun all the time Pat. I like fun. But I’m brown. And Muslim. I have brown Muslim kids. I want them to not be called a sand nigger as I was as a child in the 1970s America. Sorry for sounding angry and not fun. https://t.co/UgjNDVuEst"
"488","This is Clinton 

The mother of US bombs on ""sand nigger"" babies 

She and Obama ate popcorn watching 
Gaddafi being tortured violated and murdered 

By the hired ""Arabs"" https://t.co/SMoy3OHxxq"
"489","""I sure am glad I didn't say 'sand' before I said 'nigger' on that sex tape, brother!"" - Hulk Hogan backstage in Saudi Arabia, probably"
"490","@TightsFights Well, they weren't offended because he didn't use the word ""sand"". If he said ""sand nigger"", it would be a different story... <U+0001F612>"
"491","@RamsNFL What it is, is that they did what i told drew what he needed to practice and i forgot, the roll out left slant, and practice throwing the 5 yard left hand slant. So instead they where throwing the right hand fade again."
"492","The editorial slant of the Washington Examiner takes a sharp lean to the left…if only. https://t.co/H6U58Hgy08"
"493","@realcindyg @Celebrity1 @CNNPR @DonaldJTrumpJr I agree, the media will slant their direction more often than not.  Some outlets slant more than others.  
So it's important for voters to search out both sides of the story, and ask, are they trying to force their opinion on us, or reporting fairly?"
"494","@le_blah @BretBaier @GOP Your out of your Mind!!!! He doesn’t Slant ANY News!! He reports the Facts! In Fact you want Slanted News??? Keep watching CNN , MSNBC. And a few other Liberal Controlled News Sites. We even have @TheJuanWilliams  . I don’t agree with his Views. But like him."
"495","We're all used to the leftist slant of most media outlets and know which ones to avoid. What bothers me is being subjected to their deceptive headlines on home pages when we sign on to the internet. I avoid reading so as not to encourage dishonesty."
"496","Thank you @livablefuture for the follow.. I'd like to find out who funds or how your Food Span curriculum  is funded? There also seems to be a significant  bias towards  organic and small farms and a big= bad slant. Was this intentional?"
"497","@hollemans_jake Me too brother. Honestly I hope they do give Rocky a shot. He looked solid for a freshman &amp; could actually hit a 5 yard slant <U+0001F602>"
"498","Over or under that Cowboys first play of the game gonna be a slant pass to Cooper??"
"499","@nebulia that makes sense... this school I'm building for this shance fic seems to have a very polisci/law slant to it, so that might be too open-ended, but it's a good 'undecided engineering' kind of filler major for it"
"500","Ok Sixers slant. Whatever you say<U+0001F602> https://t.co/APQ6uix9rN"
"501","In other words,  the Democrats are going the slit their throats in the streets and pay the Devil's invoice VOTE REPUBLICAN https://t.co/JOclygcmVn"
"502","Love is in the air and a little boy is on the way for this 'Love &amp; Hip Hop: Hollywood' couple! Take a look at photos of Lyrica and A1's baby shower, plus the mom-to-be's gorgeous high-slit dress!

https://t.co/kB7l2EwNnX"
"503","I’m gunna slit this bitches throat"
"504","@jalapeno_joeee Jessica’s gonna slit my Dick"
"505","Slit eyed tools with their tongues hanging out everywhere. So hot right now. I'm pissing in my panties from fright.<U+0001F620>"
"506","Want to save an animal, save the planet. Take a look in the mirror and see what a popcorn savage you are.start with yourself. Then maybe you could do something to have a positive impact. Where does the thirst game end. I want to beat your ass so bad.slit eyed punk grrr"
"507","“Who’s ready to slit their wrists over drawing?” -Deb"
"508","I need tomorrow’s neuro exam to be over with so I can stop trying to slit my wrist with a serrated butter knife"
"509","i'm gonna slit my throat by throat oath becky g"
"510","wtf1 actually make me want to slit my throat"
"511","@YayerGangCoolee Spear chucker is the one"
"512","@mmfa Dear Tucker
You're a real spear chucker"
"513","Fuckin Ryan Whitney calling Jordan Tootoo a savage and a spear chucker on @spittinchiclets was so fuckin’ cringe inducing...  wow.  Social awareness of a brick."
"514","@renfamous @LynFireStone @MarkSZaidEsq @R2D24Life @ComixVillain @MysteryCr8tve @ColleenDoran @rob_matic @barrydeutsch @m8nman @MarkWaid Funny, I'm Hispanic, and not one person in #comicsgate has called me a spic or any other slur. Though I have been told I'm not a 'real' Hispanic from your side. never seen many slurs against any groups, like, not at all."
"515","@WhatIfBandit @DaveVescio Had a very similar experience as a waitress. Was also racially harassed on the street with “Go back to Mexico, dirty spic” etc. etc. As a musician I’ve had so many men assume I am an idiot regarding music /gear/sound but that’s mostly gender discrimination."
"516","$SPIC may go up 5% if the bull pattern is confirmed. Chk confirmation [45%] @ https://t.co/T23svfsrnK. Buy level:1.2100."
"517","@paxkrunning Fuck that spic"
"518","@Tierwulf Te faltó “Ai spic bifor taim”"
"519","@mahrihoe I figured it out you spic"
"520","@DaveVescio @DaveVescio l have many times especially being Spanish and a woman l have been called a spic many times it’s disgusting what people say to you so much hatred in the world, and my dad has also and he’s a police detective it sucks :("
"521","@yunggoddixie @adriannbalann @SKiiLLSxMLG @UserJDOT @theheadhunter69 where do you see cook spic"
"522","@JudgeJeanine I hate it when bad spelling gets in the way of an idea.  (Medal vs metal)  Even I know that and I'm a spic.  Proud of it, too."
"523","IF RAP LYRICS WERE, ""HONKY, KIKE, WOP, MICK, CHINK, SPIC, FAG, SISSY, DYKE"" &amp; THE WOMEN OF THOSE RACES WERE CLD, ""BITCHES/HOS,"" WLD THE SONGS HV EVR BEEN MD, HOW MUCH WLD RAPPERS HV BEEN PD, WLD PEOPLE HV PROTESTED, OVR 35 YRS &amp; WLD ELTON JOHN MK A COMMERCIAL W/THM? #AC360 #Obama"
"524","@TheJuanWilliams you disgusting spigger! Trump is President! He's completely qualified and your subhuman ass can't accept it. Get a fucking clue #subhuman"
"525","Spigger https://t.co/tp4w1A6Uve"
"526","""Up until recently, you might have just been going about your normal business, criticizing global capitalism, completely unaware of your anti-Semitic, white supremacist terrorist activities, but from now on there will be no denying them."" https://t.co/zd9T8wyKXT"
"527","@adgelessness @markknoller @BretBaier Obama signed the deal to allow Iran to have nukes and removed sanctions. Trump removed America from that deal and is imposing sanctions on Iran, who is the largest financer of terrorist movements. This action by the administration is common sense and good for our allies &amp; us."
"528","@khazir10 @CNN You need to stop believing the lies &amp; propaganda of the MSM &amp; look at accomplishments: job growth, strong economy, reducing terrorist threat...
I don’t vote for personality, I vote for results. The rest will smile, tell you what you want, then do what they want."
"529","#TERRORIST #TREASON #RACISM https://t.co/cEgxXI5hXl"
"530","Faces of real #terrorist 

#Hatecrime #MAGA #VoteThemOut #VeryFinePeople #Trumpocalypse #TrumpLiesMatter #TrumpHate #Resist #TrumpBomber #Synagogue #Tallahassee #MondayMorning https://t.co/wlYxcoQty5"
"531","@RepSwalwell @BarackObama and remember when you did, he put in OsamaCare which drove up premiums. Higher medical taxes, failed system , He drove our Nations debt up Trillions of dollars, weakened our Military and foreign policy. embolden the enemy Iran, gave them Billion+ to terrorist sponsored nation"
"532","@realDonaldTrump Spoken by 5-deferment Donny golf boy who cowers in fear over a few thousand migrants and is too much of a coward to visit the troops in battle zones. Meanwhile, he does nothing about the rise of domestic terrorist attacks carried out by white nationalists. Who’s soft on crime?"
"533","Nothing is in the bag, but barring a catastrophic terrorist attack, a backbone internet attack, wholesale vote rigging, appears tomorrow's democracy uprising will B historic. #'s are off the charts, anyone saying they know who R likely voters is on the front end of Dunning Kruger"
"534","@JohnCornyn How did you spend the NRA terrorist blood money."
"535","@BartsPete @OTTOMANTURKEY58 @vvanwilgenburg You are not answering a single question I asked, that shows how wrong you are. Trump-tagging, Pentagon-honoring, Zionism&amp;Evangelism supporting British huy who wakes up to Kurdish cause only after US starts supporting terrorist PKK."
"536","@JacobAWohl If you're a early 20 something fraud still uses his mom's phone # who tried to take down Mueller with no credibility or proof with #FlashingJack should figure out what childhood trauma led you to be a deranged crooked habitual lying stealing thug. Oooh wait that's you! <U+0001F602><U+0001F602><U+0001F602><U+0001F602><U+0001F602>"
"537","guess who’s having an 8:30 next semester <U+0001F92A>"
"538","I remember them hanging around outside voting places when Obama was running too ...  Demonstrating Thug power ... VOTE RED!!!
 Armed Black Panthers Show Up To Intimidate Voters With Semi-Automatic Weapons https://t.co/7hWnEOwHAY"
"539","@FaithAtheismNub Article is a joke.  Even references Michael Brown.  He was a thug who fought with the police. Read Eric Holder's report.    If you read the FBI statistics and compare black death by cop rates with any other group....  It's a joke."
"540","Can we all take a quick minute just to appreciate elton john and young thug"
"541","About the money by young thug still bangs"
"542","Why thug got sum"
"543","@Niall_Boylan Ryan Tubridy showed himself to be an obnoxious thug. Why are we paying TV licence to support this kind of obscenity?"
"544","I liked a @YouTube video https://t.co/LwA7vDYj7D Lil Wayne ""ZEZE"" (Kodak Black &amp; Young Thug Diss) (WSHH Exclusive - Official"
"545","@javiba400 El mensaje es claro, ¿hacerte tonto o tonta? Ése ya es tu problema."
"546","“Eres un tonto, perdiste a una persona valiosa, ella no es la mejor, pero lo hubiera tratado de ser por ti. Ella a pesar de que hay muchos allá afuera te prefería a ti y siempre a ti. Podrás encontrar a alguien más linda, pero no a alguien que te ame como ella lo hizo.”"
"547","Tonto in the last Ranger https://t.co/74jRxaCLzC"
"548","fronto tonto. https://t.co/Kbny3xFvID"
"549","Claro que no, TOLUCA esta igual, ¿esta ud tonto o no sabe que todo el area de Lerma, Atenco, TOLUCA, el cerrillo, donde está el aeropuerto eran lagunas? https://t.co/QgGwENEIvJ"
"550","El corazón se puso tonto y se le olvidó que solo éramos amigos."
"551","Winston Churchil “Mi odio al comunismo no está basado en su tonto sistema económico y absurda doctrina de una igualdad imposible. Surge debido al terrorismo sangriento y devastador q practican en cada tierra q quiebran y sólo mediante el cual su régimen criminal puede mantenerse"""
"552","@jrisco @revistaproceso @lopezobrador_ @alvaro_delgado @BeatrizGMuller @RRRC24K Pues tonto no es el entrevistado <U+203C><U+FE0F> algo habrá de razón"
"553","@gonzoucab @zeaprol Otro idiota de izquierda caviar que se cree muy brillante como todos los bolsas de las “élites”. 

Puedes ser trader —gran güebonada— yo empleo tipos como tú. A ti, te votaría por pendejo. 

Nada peor que un compatriota “tonto del culo” como diría mi admirada @soniachocron"
"554","Con sonrisa de tonto enamorado..."
"555","gave my mom a waffle and her pills with some juice loaded up the trunk with cardboard.. ate some salad.. sinuses are back to good yet despite sauna and steam with a towel over my head, chest is infected.."
"556","I put a clean towel, one of my thermals, and my bathrobe on my head. 

Hunter has now spent 2 minutes trying to figure out which of his three favorite fabrics he wants to lay on, bitching the whole time.

#howtoannoyacat"
"557","@X_Chardonnay_X I would love to watch that FACE in the mirror after a soothing shower as I stand behind you and towel you dry from head to toe!!!!!"
"558","@ivanamistric “Hold him upside down by the hind legs for a minute to facilitate draining water from his lungs. Begin artificial respiration and/or CPR, but still try to keep his head lower than his hips so water may continue to drain. Once he is breathing okay, towel him dry quickly”"
"559","#4: Microfiber Hair Towel Drying Wrap [2 Pack] Hair Turban Head Wrap with Button, Quick Dry, Super Absorbent for Long &amp; Curly Hair, Anti-Frizz: Microfiber Hair Towel Drying Wrap [2 Pack] Hair Turban Head Wrap with Button, Quick Dry, Super Absorbent for… https://t.co/2UCWjZ6CFN https://t.co/huelfZxYHj"
"560","New post (Rita Ora Arrives To MTV EMA Awards Wearing Bathrobe And Head Towel | TMX) has been published on Zonamya - https://t.co/uqXNSnlmG9 https://t.co/oHdrOYELzG"
"561","lil towel head https://t.co/Q0SlwsE0ji"
"562","@delanee24 “I know she there just pass me her “ <U+0001F480> remember that one time you deadass pretended to hop out the shower and put your head in a towel n everything <U+0001F926><U+0001F3FB><U+200D><U+2640><U+FE0F>"
"563","im sitting here with my towel around my head and my roommates like “you like like the virgin mary” *pauses* “except the virgin part”"
"564","Mom whipped a new paper towel roll at my head and it smashed my glasses into my left eye and hurt my eyebrow lol WHY CANT I CATCH"
"565","@RealJamesWoods I like President Ike’s idea. Operation Wetback. 
Look it up. <U+0001F44D><U+0001F3FB>"
"566","@TheMorningSpew @Lrihendry Weird,  when I was young if you were a “wetback” you stayed quiet and no one ever heard from you.
Now you are “undocumented” proud and loud and celebrated."
"567","@MarylouMorning @RealJamesWoods https://t.co/5BgN8dzF1w"
"568","@MarylouMorning @RealJamesWoods Drafted by U.S. Attorney General Herbert Brownell, Jr., and vetted by Pres. Dwight D. Eisenhower, Operation Wetback arose at least partly in response to a portion of the American public that had  I"
"569","@CNN Bring the paddle back to the classroom. Sorry<U+0001F937><U+0001F3FD><U+200D><U+2640><U+FE0F> but as a former DAEP teacher I quit #1 cause I made $800 a month #2 if another white boy called me a wetback or a dirty Mexican I was gonna lose my shit."
"570","@UncleKobe1 Beaner, wetback do ittttttt i like seeing weys get mad"
"571","Funniest person to argue with his @Killer_usmcx hands down . Dumb ass Mexican wetback house builder"
"572","No he don't. Cuz that's not derogatory. Now  if we call them a Spick or  Wetback. Then the should be offended https://t.co/Yt8JieH6F3"
"573","16/
""racist, bigoted""
Meaningless buzzwords.

""neo-fascist""
Worse-than-meaningless. She probably would have called the immigration policy the U.S. had from 1790 to 1965 ""neo-fascist"". Or the detention of Japanese during WWII. Or Truman's views on the Jews. Or Operation Wetback."
"574","@chisolm_john What’s up with the wigger accent?"
"575","My god don’t tell me your trying to get with who I think a wigger<U+0001F602><U+0001F92D>"
"576","@zuccPOTUS Log onto twitter.
See ethno-nationalist fellate a zionist j00 for his article that claimed whites should not be pro-white because they are not real.
Literally a text version of HBO Jon Hamm skit ""White Thoughts"".
Anyone who disagrees is called 'wigger'.
Twitter is controlled opp."
"577","A lil bit of my navy came out. Robyn better put that wigger kn his ernge ass place!!!"
"578","With sienna.hayes 
A 2-hour-no-fucking-around-shoot.
8x10 plexitype. CENSORED.
#wetplate #wetplateisnotdead #8x10 #plexitype #largeformat #largeformatphotography #portrait #bronxstudio… https://t.co/oduFZ6KQ8h"
"579","With the very professional sienna.hayes 
8x10 plexitype. CENSORED.
#wetplate #wetplateisnotdead #8x10 #plexitype #largeformat #largeformatphotography #portrait #bronxstudio  #artdoesmatter… https://t.co/eYJq733pgU"
"580","@FoxNews @BarackObama Wigger"
"581","@SirenMaraj @ILLMARAJ like we remember stack old ugly ass let us live wigger"
"582","@CryptoCaladium like a wigger chick"
"583","RWNJ had songs: ""In “American Wigger,” he sang that he would “blow off” the head of a woman he referred to using the c-word. [Another song told] an extremely disturbing tale of [...] holding a woman prisoner in his basement using chains so he can rape her.""https://t.co/YHur4f0h9Z"
"584","60 half 100 zip qp 400"
"585","42-Zip Zip-42-Zip

Nugget wish @SalVulcano a HAPPY BIRTHDAY!!!!!!

#GodBless

@WhatSayYouPod @NuggetWSY #42(0) #midnight @BQQuinn #davethomasfounderofwendys #nuggalos #GFY https://t.co/G8eKArnfgb"
"586","Check out our new warm up options available for a limited time!
Bubble jackets and fleece zip in jackets make a great gift for your coach or player!
Hurry, offer ends Nov. 18th!
https://t.co/Iwf0zzGh6P
#admiralswarmups  #admiralslookgoodfeelgood https://t.co/fQz60sJ3On"
"587","How teaching AI to be curious helps machines learn for themselves - The Verge https://t.co/ALGI6AMNSY"
"588","Check out ST MAT TO BK Full Zip Hoodie! Available for the next about 11 hours via @Teespring: https://t.co/DCV7QL9DYA #stmattobk #clothingline #brand #teeshirt #tshirt #teespring #brooklyn #positive"
"589","Check out what I just added to my closet on Poshmark: REI purple 1/2 zip pullover fleece jacket top/M. https://t.co/e1ZJYx1E2G via @poshmarkapp #shopmycloset"
"590","@Fox0x01 Hi! I’m checking your slides “From Zero to ARM assembly…” you put some urls to download the code, but the second zip needs a pwd, Is it possible to have it? Thanks in advance.  BTW, I really love your tutorials, thanks a lot for them."
"591","@hughhewitt @LindseyGrahamSC Hugh, just zip it. You are a joke."
"592","@meganromer @amerkincynic @LexiHughesTV Dan  ...Zip it nerd"
"593","Here's a link for an overview of everything you need to know for the vote. Get informed and get active!
https://t.co/YsjsI44eaC https://t.co/iFJnHRQZ7W"
"594","@sueetchenle Zog c"
"595","@mignaci0 There’s definitely one in Hoboken, Zog Sports I think has a coed league"
"596","#Hockeypocalypse is doing a bit better than Where Is Zog? did last year on #Kickstarter, dollar-wise, but the backer numbers are kinda disappointing. I really want this campaign to make a statement - if you can, pledge, and get an awesome book. If you ca… https://t.co/YQUMcvpkD0 https://t.co/SMAHq9JB5J"
"597","#Hockeypocalypse is doing a bit better than Where Is Zog? did last year on #Kickstarter, dollar-wise, but the backer numbers are kinda disappointing. I really want this campaign to make a… https://t.co/Rw9YvIlBNy"
"598","either iAT&amp;T is deleting and withholding posts from $Zog bots just so ya know."
"599","@David_Zog made this https://t.co/0auDA7vsLk"
"600","@Wendys You mean you like refried, 45 min old chicken strips?? Even @kanyewest ‘s nuggets are fresher than that battered jerky."
"601","@johnherren1968 @Wendys Sounds like my chicken tenders. They were hard and IMPOSSIBLE to actually get to the chicken.  #Fossil The District Manager told me they can sell them up to 45 min after being cooked. 45 min! So much for fresh. They stuck it to another to-go customer. #leogets"
"602","@unikgirl11 Blame it all on our ZOG."
"603","@politico What the hell did she think her party did throughout Obama's presidency"
"604","Pinwheel Quilt, Handmade Patchwork Quilt, Blue Brown White Twin Quilt, Modern Bedding, Tween Blanket, Natural Cotton Covering, Scrappy Quilt https://t.co/nsOk8QUCvT via @Etsy"
"605","""For our love is

 a ghost that the others can't

 see It's a danger"" 
 https://t.co/iXdGk3UQKM"
"606","Angels Elite 09""

The Angels Elite 09 are looking to add another pitcher and utility player to our current roster. We just finished our first fall season at 10's this past weekend, finishing 2nd in the 10 Open USSSA Fall State tournament. Because of the … https://t.co/A3aEtJUFOc"
"607","¿Sabes que si escribes anal al revés, se escribe: lana?  Ahora entiendo porque la chica me dijo: sí es anal cuesta más."
"608","@Turberto eh, more like 9 and a half"
"609","All This Fake Love Keep Me On My Toes I Swear To God <U+0001F5E3>"
"610","@krassenstein @realDonaldTrump @claudiatenney People we are just coming out of the dark ages caused by failed administrations of the past. We must continue this remarkable progress. Vote Republican !"
"611","@AmyMek @TwitterSupport @jack Obviously you aren’t muted.  I see this tweets"
"612","Today, we are spending our @MPEScougars #4thGrade guidance lesson cruising around #CareerTown thanks to @VACareerView #CareerExploration #CareerGames https://t.co/YSJ6r6dGyc"
